Code,EU Name,US Name,JP Name
1CB2000B,[R]Mazda RX-7 A-spec LM,[R]Mazda RX-7 A-spec LM,[R]RX-7 A-spec LM Edition
D8F5000B,Mazdaspeed Demio A-spec,Mazdaspeed Demio A-spec,MAZDA DEMIO A-spec
DCF5000B,[R]Mazdaspeed Demio A-spec,[R]Mazdaspeed Demio A-spec,[R]MAZDA DEMIO A-spec
D8300C0B,Mazda RX-7 GT-Turbo '83,Mazda RX-7 GT-Turbo '83,Savanna RX-7 GT Turbo '83
DC300C0B,[R]Mazda RX-7 GT-Turbo '83,[R]Mazda RX-7 GT-Turbo '83,[R]Savanna RX-7 GT Turbo '83
58770C0B,Mazda MX-5 1.6(J) '98,Mazda MX-5 Miata 1.6,MAZDA ROADSTER 1.6 S pac.
5C770C0B,[R]Mazda MX-5 1.6(J) '98,[R]Mazda MX-5 Miata 1.6,[R]MAZDA ROADSTER 1.6 S pac.
5D770C0B,Unavailable,Unavailable,Unavailable
18930C0B,Mazda RX-7 Type RB '98,Mazda RX-7 Type RB '98,MAZDA RX-7 Type RB
1C930C0B,[R]Mazda RX-7 Type RB '98,[R]Mazda RX-7 Type RB '98,[R]MAZDA RX-7 Type RB
1D930C0B,[R]Mazda RX-7 Type RB '98,[R]Mazda RX-7 Type RB '98,[R]MAZDA RX-7 Type RB
18970C0B,Mazda RX-7 Type R '98,Mazda RX-7 Type R '98,MAZDA RX-7 Type R
1C970C0B,[R]Mazda RX-7 Type R '98,[R]Mazda RX-7 Type R '98,[R]MAZDA RX-7 Type R
1D970C0B,[R]Mazda RX-7 Type R '98,[R]Mazda RX-7 Type R '98,[R]MAZDA RX-7 Type R
58970C0B,Mazda RX-7 Type RS '98,Mazda RX-7 Type RS '98,MAZDA RX-7 Type RS
5C970C0B,[R]Mazda RX-7 Type RS '98,[R]Mazda RX-7 Type RS '98,[R]MAZDA RX-7 Type RS
5D970C0B,[R]Mazda RX-7 Type RS '98,[R]Mazda RX-7 Type RS '98,[R]MAZDA RX-7 Type RS
D8B20C0B,Mazdaspeed AZ-1 A-spec,Mazdaspeed AZ-1 A-spec,MAZDA AZ-1 A-spec
18B30C0B,Mazdaspeed MX-5 B spec,Mazdaspeed MX-5 Miata B sp.,Mazdaspeed Roadster B spec
18B90C0B,Mazda AZ-1 '91,Mazda AZ-1 '91,MAZDA AZ-1
58C40C0B,Mazda 323 GT-R(J) '92,Mazda Protegé GT-R '92,MAZDA BG FAMILIA GT-R '92
5CC40C0B,[R]Mazda 323 GT-R(J) '92,[R]Mazda Protegé GT-R '92,[R]MAZDA BG FAMILIA GT-R '92
D8C40C0B,MAZDA 323 Sedan '89,MAZDA Protegé Sedan '89,MAZDA FAMILIA INTERPLAY '89
DCC40C0B,[R]MAZDA 323 Sedan '89,[R]MAZDA Protegé Sedan '89,[R]MAZDA FAMILIA INTERPLAY '89
1CC70C0B,[R]Mazda 323 Rally Car,[R]Mazda Protegé Rally Car,[R]MAZDA FAMILIA RALLY CAR
58C70C0B,Mazda 323 GT-X(J) '92,Mazda Protegé GT-X '92,MAZDA BG FAMILIA GT '92
5CC70C0B,[R]Mazda 323 GT-X(J) '92,[R]Mazda Protegé GT-X '92,[R]MAZDA BG FAMILIA GT '92
58130D0B,Mazdaspeed RX-7 GT-C '99,Mazdaspeed RX-7 GT-C '99,Mazdaspeed RX-7 GT-C
5C130D0B,[R]Mazdaspeed RX-7 GT-C No. 8 '99,[R]Mazdaspeed RX-7 GT-C No. 8 '99,[R]Mazdaspeed RX-7 GT-C No. 8 '99
98150D0B,Mazda Demio GL-X '99,Mazda Demio GL-X '99,MAZDA DEMIO GL-X
9C150D0B,[R]Mazda Demio GL-X '99,[R]Mazda Demio GL-X '99,[R]MAZDA DEMIO GL-X
58170D0B,Mazda Demio GL-X Sp. '98,Mazda Demio GL-X Sp. '98,MAZDA DEMIO GL-X special
5C170D0B,[R]Mazda Demio GL-X Sp. '98,[R]Mazda Demio GL-X Sp. '98,[R]MAZDA DEMIO GL-X special
1C620D0B,[R]Mazda RX-7 GT-C LM,[R]Mazda RX-7 GT-C LM,[R]RX-7 LM Edition GT-C based
5C750D0B,[R]RE Amemiya Matsukiyo RX-7,[R]RE Amemiya Matsukiyo RX-7,[R]RE Amemiya Matsukiyo RX-7
D8C20D0B,Mazdaspeed MX-5 A spec,Mazdaspeed MX-5 Miata A sp.,Mazdaspeed Roadster A spec
18C30D0B,Mazda RX-7 Type RB '97,Mazda RX-7 Type RB '97,MAZDA RX-7 Type RB '97
1CC30D0B,[R]Mazda RX-7 Type RB '97,[R]Mazda RX-7 Type RB '97,[R]MAZDA RX-7 Type RB '97
1DC30D0B,[R]Mazda RX-7 Type RB '97,[R]Mazda RX-7 Type RB '97,[R]MAZDA RX-7 Type RB '97
58C30D0B,Mazdaspeed MX-5 C spec,Mazdaspeed MX-5 Miata C sp.,Mazdaspeed Roadster C spec
98C30D0B,Mazda MX-5 1.8 RS(J) '98,Mazda MX-5 Miata 1.8 RS,MAZDA ROADSTER 1.8 RS
18C70D0B,Mazda RX-7 RS-R '97,Mazda RX-7 RS-R '97,MAZDA RX-7 RS-R '97
1CC70D0B,[R]Mazda RX-7 RS-R '97,[R]Mazda RX-7 RS-R '97,[R]MAZDA RX-7 RS-R '97
1DC70D0B,[R]Mazda RX-7 RS-R '97,[R]Mazda RX-7 RS-R '97,[R]MAZDA RX-7 RS-R '97
58C70D0B,Mazda RX-7 Type RS '97,Mazda RX-7 Type RS '97,MAZDA RX-7 Type RS '97
5CC70D0B,[R]Mazda RX-7 Type RS '97,[R]Mazda RX-7 Type RS '97,[R]MAZDA RX-7 Type RS '97
5DC70D0B,[R]Mazda RX-7 Type RS '97,[R]Mazda RX-7 Type RS '97,[R]MAZDA RX-7 Type RS '97
18C90D0B,Mazda RX-7 Type RZ '97,Mazda RX-7 Type RZ '97,MAZDA RX-7 Type RZ '97
1CC90D0B,[R]Mazda RX-7 Type RZ '97,[R]Mazda RX-7 Type RZ '97,[R]MAZDA RX-7 Type RZ '97
1DC90D0B,[R]Mazda RX-7 Type RZ '97,[R]Mazda RX-7 Type RZ '97,[R]MAZDA RX-7 Type RZ '97
98D60D0B,Savanna RX-7 Cabriolet '90,Savanna RX-7 Cabriolet '90,Savanna RX-7 Cabriolet
9CD60D0B,[R]Savanna RX-7 Cabriolet '90,[R]Savanna RX-7 Cabriolet '90,[R]Savanna RX-7 Cabriolet
58D80D0B,MAZDA 323F S-Wagon '99,MAZDA 323F S-Wagon '99,MAZDA FAMILIA S-Wagon
5CD80D0B,[R]MAZDA 323F S-Wagon '99,[R]MAZDA 323F S-Wagon '99,[R]MAZDA FAMILIA S-Wagon
58070E0B,Mazda MX-5 1.8 VS(J) '98,Mazda MX-5 Miata 1.8 VS,MAZDA ROADSTER 1.8 VS
5C070E0B,[R]Mazda MX-5 1.8 VS(J) '98,[R]Mazda MX-5 Miata 1.8 VS,[R]MAZDA ROADSTER 1.8 VS
5D070E0B,[R]Mazda MX-5 Miata 1.8 VS,[R]Mazda MX-5 Miata 1.8 VS,[R]Mazda MX-5 Miata 1.8 VS
D893350B,Mazda Cosmo Type-E '94,Mazda Cosmo Type-E '94,EUNOS COSMO 20B
DC93350B,[R]Mazda Cosmo Type-E '94,[R]Mazda Cosmo Type-E '94,[R]EUNOS COSMO 20B
5897350B,Mazda Cosmo Type-S '94,Mazda Cosmo Type-S '94,EUNOS COSMO 13B
5C97350B,[R]Mazda Cosmo Type-S '94,[R]Mazda Cosmo Type-S '94,[R]EUNOS COSMO 13B
D8F5380B,Mazda Demio GL-X '97,Mazda Demio GL-X '97,MAZDA DEMIO GL-X '97
DCF5380B,[R]Mazda Demio GL-X '97,[R]Mazda Demio GL-X '97,[R]MAZDA DEMIO GL-X '97
9815390B,Mazda Demio GL '97,Mazda Demio GL '97,MAZDA DEMIO GL '97
9C15390B,[R]Mazda Demio GL '97,[R]Mazda Demio GL '97,[R]MAZDA DEMIO GL '97
9868390B,Mazda Demio LX G '97,Mazda Demio LX G '97,MAZDA DEMIO LX G '97
9C68390B,[R]Mazda Demio LX G '97,[R]Mazda Demio LX G '97,[R]MAZDA DEMIO LX G '97
1CC73C0B,[R]Mazda Protegé Rally Car,[R]Mazda Protegé Rally Car,[R]Mazda Protegé Rally Car
18B2400B,Mazdaspeed RX-7 A-spec'96,Mazdaspeed RX-7 A-spec'96,efini RX-7 A-spec '96
1CB2400B,[R]Mazdaspeed RX-7 A-spec'96,[R]Mazdaspeed RX-7 A-spec'96,[R]efini RX-7 A-spec '96
18C2400B,Mazda RX-7 Type RB '96,Mazda RX-7 Type RB '96,efini RX-7 Type RB '96
1CC2400B,[R]Mazda RX-7 Type RB '96,[R]Mazda RX-7 Type RB '96,[R]efini RX-7 Type RB '96
18D2400B,Mazda RX-7 Infini III '90,Mazda RX-7 Infini III '90,Savanna RX-7 infini III
1CD2400B,[R]Mazda RX-7 Infini III '90,[R]Mazda RX-7 Infini III '90,[R]Savanna RX-7 infini III
18E2400B,Mazda RX-7 Type RZ '96,Mazda RX-7 Type RZ '96,efini RX-7 Type RZ '96
1CE2400B,[R]Mazda RX-7 Type RZ '96,[R]Mazda RX-7 Type RZ '96,[R]efini RX-7 Type RZ '96
1C82410B,[R]Mazda RX-7 LM Edition,[R]Mazda RX-7 LM Edition,[R]RX-7 LM Edition
1892410B,Mazda RX-7 Type R '91,Mazda RX-7 Type R '91,efini RX-7 Type R '91
1C92410B,[R]Mazda RX-7 Type R '91,[R]Mazda RX-7 Type R '91,[R]efini RX-7 Type R '91
18C2410B,Mazda RX-7 GT-X '90,Mazda RX-7 GT-X '90,Savanna RX-7 GT-X
1CC2410B,[R]Mazda RX-7 GT-X '90,[R]Mazda RX-7 GT-X '90,[R]Savanna RX-7 GT-X
1822420B,Mazda RX-7 Touring X '96,Mazda RX-7 Touring X '96,efini RX-7 Touring X '96
1C22420B,[R]Mazda RX-7 Touring X '96,[R]Mazda RX-7 Touring X '96,[R]efini RX-7 Touring X '96
58E7590B,Mazda 323F Coupe 2000 '93,Mazda 323F Coupe 2000 '93,MAZDA LANTIS Coupe
5CE7590B,[R]Mazda 323F Coupe 2000 '93,[R]Mazda 323F Coupe 2000 '93,[R]MAZDA LANTIS Coupe
18365D0B,Mazda MX-5(J) '93,Mazda MX-5 Miata '93,EUNOS ROADSTER'93
1C365D0B,[R]Mazda MX-5(J) '93,[R]Mazda MX-5 Miata '93,[R]EUNOS ROADSTER'93
58375D0B,Mazda MX-5 S sp.(J) '93,Mazda MX-5 Miata S sp.'93,EUNOS ROADSTER S sp. '93
5C375D0B,[R]Mazda MX-5 S sp.(J) '93,[R]Mazda MX-5 Miata S sp.'93,[R]EUNOS ROADSTER S sp. '93
18385D0B,Mazda MX-5 V sp.(J) '93,Mazda MX-5 Miata V sp.'93,EUNOS ROADSTER V sp. '93
1C385D0B,[R]Mazda MX-5 V sp.(J) '93,[R]Mazda MX-5 Miata V sp.'93,[R]EUNOS ROADSTER V sp. '93
D821600B,Mazda MX-5(J) '89,Mazda MX-5 Miata '89,EUNOS ROADSTER'89
DC21600B,[R]Mazda MX-5(J) '89,[R]Mazda MX-5 Miata '89,[R]EUNOS ROADSTER'89
9893710B,Mazda MX-5 1.8 RS(J) '98,Mazda MX-5 Miata 1.8 RS,MAZDA ROADSTER 1.8 RS
9C93710B,[R]Mazda MX-5 1.8 RS(J) '98,[R]Mazda MX-5 Miata 1.8 RS,[R]MAZDA ROADSTER 1.8 RS
9D93710B,[R]Mazda MX-5 Miata 1.8 RS,[R]Mazda MX-5 Miata 1.8 RS,[R]Mazda MX-5 Miata 1.8 RS
D821740B,Mazda MX-5 S sp.(J) '92,Mazda MX-5 Miata S sp.'92,EUNOS ROADSTER S sp. '92
DC21740B,[R]Mazda MX-5 S sp.(J) '92,[R]Mazda MX-5 Miata S sp.'92,[R]EUNOS ROADSTER S sp. '92
D821800B,Mazda MX-5 V sp.(J) '90,Mazda MX-5 Miata V sp.'90,EUNOS ROADSTER V sp. '90
DC21800B,[R]Mazda MX-5 V sp.(J) '90,[R]Mazda MX-5 Miata V sp.'90,[R]EUNOS ROADSTER V sp. '90
98D74D0C,Lister Storm V12,Lister Storm V12,Lister STORM
9CD74D0C,[R]Lister Storm V12,[R]Lister Storm V12,[R]Lister STORM
9821500C,Jaguar XJR Vehicle,Jaguar XJR Vehicle,Jaguar XJR Vehicle
D830500C,Jaguar XJ220 GT Race Car,Jaguar XJ220 GT Race Car,Jaguar XJ220 GT Race Car
DC30500C,[R]Jaguar XJ220 GT Race Car,[R]Jaguar XJ220 GT Race Car,[R]Jaguar XJ220 GT Race Car
1C47510C,[R]Jaguar XJR15 GT Race Car,[R]Jaguar XJR15 GT Race Car,[R]Jaguar XJR15 GT Race Car
5852510C,Jaguar XK8 Coupe,Jaguar XK8 Coupe,Jaguar XK8 Coupe
1857510C,Jaguar XKR Coupe,Jaguar XKR Coupe,Jaguar XKR Coupe
1825520C,Jaguar XJ Sport 3.2,Jaguar XJ Sport 3.2,Jaguar XJ Sport 3.2
58745D0C,MGF 1.8i VVC,MGF 1.8i VVC,MGF 1.8i VVC
5C745D0C,[R]MGF 1.8i VVC,[R]MGF 1.8i VVC,[R]MGF 1.8i VVC
9C70710C,[R]Rover Mini 1275S Mark I,[R]Rover Mini 1275S Mark I,[R]Rover Mini 1275S Mark I
5873710C,Rover Mini Cooper 1.3i,Rover Mini Cooper 1.3i,Rover Mini Cooper 1.3i
5C73710C,[R]Rover Mini Cooper 1.3i,[R]Rover Mini Cooper 1.3i,[R]Rover Mini Cooper 1.3i
D874710C,Rover Mini 1.3,Rover Mini 1.3,Rover Mini 1.3
DC74710C,[R]Rover Mini 1.3,[R]Rover Mini 1.3,[R]Rover Mini 1.3
98507C0C,RUF BTR TypeI,RUF BTR TypeI,RUF BTR TypeI
D8507C0C,RUF BTR TypeII,RUF BTR TypeII,RUF BTR TypeII
D8C07C0C,RUF BTR2,RUF BTR2,RUF BTR2
98D07C0C,RUF CTR Yellow Bird,RUF CTR Yellow Bird,RUF CTR Yellow Bird
58D17C0C,RUF CR4,RUF CR4,RUF CR4
98D27C0C,RUF CTR 2,RUF CTR 2,RUF CTR 2
18D77C0C,RUF CTR 2 Sport,RUF CTR 2 Sport,RUF CTR 2 Sport
98D77C0C,RUF RCT,RUF RCT,RUF RCT
D8C07D0C,RUF BR2,RUF BR2,RUF BR2
58C17D0C,RUF BR4,RUF BR4,RUF BR4
58E17D0C,RUF BTR4,RUF BTR4,RUF BTR4
98E47D0C,RUF Turbo-R,RUF Turbo-R,RUF Turbo-R
58B7800C,Vauxhall Astra SRi 2.0i 16V,Vauxhall Astra SRi 2.0i 16V,Vauxhall Astra SRi 2.0i 16V
5CB7800C,[R]Vauxhall Astra SRi 2.0i 16V,[R]Vauxhall Astra SRi 2.0i 16V,[R]Vauxhall Astra SRi 2.0i 16V
9CD3800C,[R]Vauxhall Calibra Touring car,[R]Vauxhall Calibra Touring car,[R]Vauxhall Calibra Touring car
58D6800C,Vauxhall Corsa Sport 1.6i 16V,Vauxhall Corsa Sport 1.6i 16V,Vauxhall Corsa Sport 1.6i 16V
DC34810C,[R]Vauxhall Tigra Ice Race Car,[R]Vauxhall Tigra Ice Race Car,[R]Vauxhall Tigra Ice Race Car
D8E4810C,Vauxhall Tigra 1.6i,Vauxhall Tigra 1.6i,Vauxhall Tigra 1.6i
DCE4810C,[R]Vauxhall Tigra 1.6i,[R]Vauxhall Tigra 1.6i,[R]Vauxhall Tigra 1.6i
D803820C,Vauxhall Vectra GSi 2.5 V6,Vauxhall Vectra GSi 2.5 V6,Vauxhall Vectra GSi 2.5 V6
DC03820C,[R]Vauxhall Vectra GSi 2.5 V6,[R]Vauxhall Vectra GSi 2.5 V6,[R]Vauxhall Vectra GSi 2.5 V6
5840000D,Camaro Z28 30th Anv. '96,Camaro Z28 30th Anv. '96,CAMARO Z28 30th Anv.
5C40000D,[R]Camaro Z28 30th Anv. '96,[R]Camaro Z28 30th Anv. '96,[R]CAMARO Z28 30th Anv.
1832140D,Corvette 427 Stingray '69,Corvette 427 Stingray '69,Corvette 427 Stingray '69
1C32140D,[R]Corvette 427 Stingray '69,[R]Corvette 427 Stingray '69,[R]Corvette 427 Stingray '69
1872340D,Corvette Sting Ray '67,Corvette Sting Ray '67,CORVETTE Sting Ray '67
1C72340D,[R]Corvette Sting Ray '67,[R]Corvette Sting Ray '67,[R]CORVETTE Sting Ray '67
9872340D,Camaro Z28 '69,Camaro Z28 '69,CAMARO '69 Z28
9C72340D,[R]Camaro Z28 '69,[R]Camaro Z28 '69,[R]CAMARO '69 Z28
D890340D,Corvette Stingray '82,Corvette Stingray '82,CORVETTE '82
DC90340D,[R]Corvette Stingray '82,[R]Corvette Stingray '82,[R]CORVETTE '82
D8B5340D,Camaro Z28 Coupe '97,Camaro Z28 Coupe '97,CAMARO Z28 Coupe
DCB5340D,[R]Camaro Z28 Coupe '97,[R]Camaro Z28 Coupe '97,[R]CAMARO Z28 Coupe
58C3350D,Corvette Coupe '96,Corvette Coupe '96,Corvette Coupe '96
5CC3350D,[R]Corvette Coupe '96,[R]Corvette Coupe '96,[R]Corvette Coupe '96
18C8350D,Corvette Grand Sport '96,Corvette Grand Sport '96,Corvette GS '96
1CC8350D,[R]Corvette Grand Sport '96,[R]Corvette Grand Sport '96,[R]Corvette GS '96
58D7350D,Camaro SS '97,Camaro SS '97,Camaro SS
5CD7350D,[R]Camaro SS '97,[R]Camaro SS '97,[R]Camaro SS
98C0910D,Corvette ZR-1 '95,Corvette ZR-1 '95,Corvette ZR-1
9CC0910D,[R]Corvette ZR-1 '95,[R]Corvette ZR-1 '95,[R]Corvette ZR-1
5CA4010E,[R]Viper GTS-R,[R]Viper GTS-R,[R]VIPER GTS-R
9CA4010E,[R]Concept Car LM Edition,[R]Concept Car LM Edition,[R]Dodge Concept Car LM
1CE80D0E,[R]STP Taisan Viper GT,[R]STP Taisan Viper GT,[R]STP TAISAN VIPER
D8B3340E,Dodge Avenger,Dodge Avenger,Dodge AVENGER
98D0340E,Dodge Charger,Dodge Charger,Dodge CHARGER
98D4340E,Dodge Challenger,Dodge Challenger,Dodge CHALLENGER
D833350E,Dodge Intrepid,Dodge Intrepid,Dodge INTREPID
DC33350E,[R]Dodge Intrepid,[R]Dodge Intrepid,[R]Dodge INTREPID
D882350E,Dodge Neon ACR,Dodge Neon ACR,Dodge NEON ACR
DC82350E,[R]Dodge Neon ACR,[R]Dodge Neon ACR,[R]Dodge NEON ACR
1887350E,Dodge Neon R/T,Dodge Neon R/T,Dodge NEON R/T
1C87350E,[R]Dodge Neon R/T,[R]Dodge Neon R/T,[R]Dodge NEON R/T
98A4350E,Dodge Concept Car,Dodge Concept Car,Dodge Concept Car
9CA4350E,[R]Dodge Concept Car,[R]Dodge Concept Car,[R]Dodge Concept Car
98A7350E,Chrysler Phaeton,Chrysler Phaeton,Chrysler PHAETON
D8D3350E,Dodge Stratus,Dodge Stratus,Dodge STRATUS ES
5CA2810E,[R]Viper GTS-R Team Oreca,[R]Viper GTS-R Team Oreca,[R]VIPER GTS-R Team Oreca
58A4810E,Viper GTS,Viper GTS,VIPER GTS
5CA4810E,[R]Viper GTS,[R]Viper GTS,[R]VIPER GTS
18A7810E,Viper RT/10,Viper RT/10,VIPER RT/10
1CA7810E,[R]Viper RT/10,[R]Viper RT/10,[R]VIPER RT/10
58D6400F,Ford Cougar,Ford Cougar,Ford Cougar
D8F0400F,Ford Rs200 Rally Car,Ford Rs200 Rally Car,Ford RS200 RALLY Car
5CF7400F,[R]Ford Escort Rally Car,[R]Ford Escort Rally Car,[R]Ford ESCORT RALLY CAR
5804410F,Ford Focus Ghia 2.0i Zetec,Ford Focus Ghia 2.0i Zetec,Ford Focus Ghia 2.0i Zetec
5C08410F,[R]Ford Focus Rally Car,[R]Ford Focus Rally Car,[R]Ford Focus RALLY CAR
1809410F,Ford Focus 1.8i Zetec,Ford Focus 1.8i Zetec,Ford Focus 1.8i Zetec
D852410F,Ford Ka,Ford Ka,Ford Ka
DC52410F,[R]Ford Ka,[R]Ford Ka,[R]Ford Ka
5876410F,Ford Mondeo GhiaX 2.5i 24V,Ford Mondeo GhiaX 2.5i 24V,Ford Mondeo GhiaX 2.5i 24V
5C76410F,[R]Ford Mondeo GhiaX 2.5i 24V,[R]Ford Mondeo GhiaX 2.5i 24V,[R]Ford Mondeo GhiaX 2.5i 24V
5886410F,Mercedes-Benz AMG E55,Mercedes-Benz AMG E55,Mercedes-Benz AMG E55
D8A7410F,Ford Puma 1.7i Zetec-SE VCT,Ford Puma 1.7i Zetec-SE VCT,Ford Puma 1.7i Zetec-SE VCT
DCA7410F,[R]Ford Puma 1.7i Zetec-SE VCT,[R]Ford Puma 1.7i Zetec-SE VCT,[R]Ford Puma 1.7i Zetec-SE VCT
5CC23510,[R]Citroen Xsara Rally Car,[R]Citroen Xsara Rally Car,[R]Citroen Xsara RALLY CAR
D8D13510,Citroen Saxo 1.6i VTS,Citroen Saxo 1.6i VTS,Citroen SAXO 1.6i VTS
DCD13510,[R]Citroen Saxo 1.6i VTS,[R]Citroen Saxo 1.6i VTS,[R]Citroen SAXO 1.6i VTS
1CD73510,[R]Citroen Saxo Rally Car,[R]Citroen Saxo Rally Car,[R]Citroen SAXO RALLY CAR
18213610,Citroen Xantia 3.0i v6,Citroen Xantia 3.0i v6,Citroen Xantia 3.0i v6
58223610,Citroen Xsara 1.8i 16V,Citroen Xsara 1.8i 16V,Citroen Xsara 1.8i 16V
18276810,Peugeot 106 1.6 Rallye,Peugeot 106 1.6 Rallye,Peugeot 106 1.6 Rallye
1C276810,[R]Peugeot 106 1.6 Rallye,[R]Peugeot 106 1.6 Rallye,[R]Peugeot 106 1.6 Rallye
58276810,Peugeot 106 1.6 S16,Peugeot 106 1.6 S16,Peugeot 106 1.6 S16
5C276810,[R]Peugeot 106 1.6 S16,[R]Peugeot 106 1.6 S16,[R]Peugeot 106 1.6 S16
D8316810,Peugeot 206 S16,Peugeot 206 S16,Peugeot 206 GTi
DC316810,[R]Peugeot 206 S16,[R]Peugeot 206 S16,[R]Peugeot 206 GTi
18326810,Peugeot 206 S16,Peugeot 206 S16,Peugeot 206 GTi
1C326810,[R]Peugeot 206 S16,[R]Peugeot 206 S16,[R]Peugeot 206 GTi
5C386810,[R]Peugeot 206 '99 Rally Car,[R]Peugeot 206 '99 Rally Car,[R]Peugeot 206 '99 RALLY CAR
9C386810,[R]Peugeot 206 '99 Rally Car,[R]Peugeot 206 '99 Rally Car,[R]Peugeot 206 '99 RALLY CAR
D8416810,Peugeot 306 S16,Peugeot 306 S16,Peugeot 306 S16
DC416810,[R]Peugeot 306 S16,[R]Peugeot 306 S16,[R]Peugeot 306 S16
1C476810,[R]Peugeot 306 Rally Car,[R]Peugeot 306 Rally Car,[R]Peugeot 306 RALLY CAR
D8516810,Peugeot 406 3.0 V6 Coupe,Peugeot 406 3.0 V6 Coupe,Peugeot 406 3.0 V6 Coupe
98576810,Peugeot 406 Sedan,Peugeot 406 Sedan,Peugeot 406 V6
9C576810,[R]Peugeot 406 Sedan,[R]Peugeot 406 Sedan,[R]Peugeot 406 V6
D8576810,Peugeot 406 Sedan,Peugeot 406 Sedan,Peugeot 406 V6
DC576810,[R]Peugeot 406 Sedan,[R]Peugeot 406 Sedan,[R]Peugeot 406 V6
D8D07010,Renault Clio 16V,Renault Clio 16V,Renault Clio 16V
58D77010,Renault Clio Sport V6 24V,Renault Clio Sport V6 24V,Renault Clio Sport V6
5CD77010,[R]Renault Clio Sport V6 24V,[R]Renault Clio Sport V6 24V,[R]Renault Clio Sport V6
5DD77010,[R]Renault Clio Sport V6 24V,[R]Renault Clio Sport V6 24V,[R]Renault Clio Sport V6
98007110,Renault Espace F1,Renault Espace F1,Renault Espace F1
D8617110,Renault Laguna V6,Renault Laguna V6,Renault Laguna V6
DC617110,[R]Renault Laguna V6,[R]Renault Laguna V6,[R]Renault Laguna V6
58747110,Renault Megane 2.0 16V,Renault Megane 2.0 16V,Renault Megane 2.0 16V Coupe
5C747110,[R]Renault Megane 2.0 16V,[R]Renault Megane 2.0 16V,[R]Renault Megane 2.0 16V Coupe
1C777110,[R]Renault Megane Rally Car,[R]Renault Megane Rally Car,[R]Renault Megane RALLY CAR
58408010,Venturi Atlantique 300,Venturi Atlantique 300,Venturi Atlantique 300
58548010,Venturi Atlantique 400GT,Venturi Atlantique 400GT,Venturi Atlantique 400GT
5C548010,[R]Venturi Atlantique 400GT,[R]Venturi Atlantique 400GT,[R]Venturi Atlantique 400GT
5C708010,[R]Venturi Atlantique 600 LM,[R]Venturi Atlantique 600 LM,[R]Venturi Atlantique 600 LM
18B12C11,Audi A3,Audi A3,Audi A3
58B12C11,Audi A4 2.8 quattro,Audi A4 2.8 quattro,Audi A4 2.8 quattro
5CB12C11,[R]Audi A4 2.8 quattro,[R]Audi A4 2.8 quattro,[R]Audi A4 2.8 quattro
18D12D11,Audi S3,Audi S3,Audi S3
58D12D11,Audi S4,Audi S4,Audi S4
5CD12D11,[R]Audi S4,[R]Audi S4,[R]Audi S4
9CE52D11,[R]Audi TT LM Edition,[R]Audi TT LM Edition,[R]Audi TT LM Edition
98E72D11,Audi TT 1.8T quattro,Audi TT 1.8T quattro,Audi TT 1.8T quattro
9CE72D11,[R]Audi TT 1.8T quattro,[R]Audi TT 1.8T quattro,[R]Audi TT 1.8T quattro
58133011,BMW 320Ci,BMW 320Ci,BMW 320Ci
5C133011,[R]BMW 320Ci,[R]BMW 320Ci,[R]BMW 320Ci
58323011,BMW 328i,BMW 328i,BMW 328i
58333011,BMW 323ti Compact,BMW 323ti Compact,BMW 323ti Compact
D8603011,BMW 528i,BMW 528i,BMW 528i
58813011,BMW 740i,BMW 740i,BMW 740i
58913011,BMW 840Ci,BMW 840Ci,BMW 840Ci
18D13011,BMW 323Ci,BMW 323Ci,BMW 323Ci
1CD13011,[R]BMW 323Ci,[R]BMW 323Ci,[R]BMW 323Ci
58D23011,BMW 328Ci,BMW 328Ci,BMW 328Ci
5CD23011,[R]BMW 328Ci,[R]BMW 328Ci,[R]BMW 328Ci
D8215C11,Mercedes A160 Avantgarde,Mercedes A160 Avantgarde,Mercedes A160 Avantgarde
58305C11,Mercedes CLK 200 Sport,Mercedes CLK 200 Sport,Mercedes-Benz CLK200 Sport
D8405C11,Mercedes CLK 320 Sport,Mercedes CLK 320 Sport,Mercedes-Benz CLK320 Sport
58D15C11,Mercedes-Benz AMG C 43,Mercedes-Benz AMG C 43,Mercedes-Benz AMG C43
DCE05C11,[R]Mercedes-Benz CLK Race car,[R]Mercedes-Benz CLK Race car,[R]Mercedes-Benz CLK Race car
98F15C11,Mercedes-Benz AMG E 55,Mercedes-Benz AMG E 55,Mercedes-Benz AMG E55
9CD35D11,[R]Mercedes-Benz (C Class Touring),[R]Mercedes-Benz (C Class Touring),[R]Mercedes-Benz (C Class Touring)
98D55D11,Mercedes SLK230 Kompressor,Mercedes SLK230 Kompressor,Mercedes SLK 230 Kompressor
9CD55D11,[R]Mercedes SLK230 Kompressor,[R]Mercedes SLK230 Kompressor,[R]Mercedes SLK 230 Kompressor
58B76411,Opel Astra SRi 2.0i 16V,Opel Astra SRi 2.0i 16V,Opel Astra SRi 2.0i 16V
5CB76411,[R]Opel Astra SRi 2.0i 16V,[R]Opel Astra SRi 2.0i 16V,[R]Opel Astra SRi 2.0i 16V
9CD36411,[R]Opel Calibra Touring Car,[R]Opel Calibra Touring Car,[R]Opel Calibra Touring car
58D66411,Opel Corsa Sport 1.6i 16V,Opel Corsa Sport 1.6i 16V,Opel Corsa Sport 1.6i 16V
DC346511,[R]Opel Tigra Ice Race Car,[R]Opel Tigra Ice Race Car,[R]Opel Tigra Ice Race Car
D8E46511,Opel Tigra 1.6i,Opel Tigra 1.6i,Opel Tigra 1.6i
DCE46511,[R]Opel Tigra 1.6i,[R]Opel Tigra 1.6i,[R]Opel Tigra 1.6i
D8036611,Opel Vectra GSi 2.5 V6,Opel Vectra GSi 2.5 V6,Opel Vectra GSi 2.5 V6
DC036611,[R]Opel Vectra GSi 2.5 V6,[R]Opel Vectra GSi 2.5 V6,[R]Opel Vectra GSi 2.5 V6
0B007811,A License,A License,A License
D8027811,A License,A License,A License
18037811,B License,B License,B License
58077811,S License,S License,S License
42107811,Placeholder,Placeholder,Placeholder
D8327911,IA License,IA License,IA License
18337911,IB License,IB License,IB License
58337911,IC License,IC License,IC License
18637911,Bronze medal,Bronze medal,Bronze medal
58647911,Gold medal,Gold medal,Gold medal
58677911,Silver medal,Silver medal,Silver medal
58857911,Smiley,Smiley,Smiley
24A77911,Trophy,Trophy,Trophy
98518011,Volkswagen Golf 2.3 V5,Volkswagen Golf 2.3 V5,Volkswagen Golf 2.3 V5
9C518011,[R]Volkswagen Golf 2.3 V5,[R]Volkswagen Golf 2.3 V5,[R]Volkswagen Golf 2.3 V5
9D518011,[R]Volkswagen Golf 2.3 V5,[R]Volkswagen Golf 2.3 V5,[R]Volkswagen Golf 2.3 V5
9E518011,[R]Volkswagen Golf 2.3 V5,[R]Volkswagen Golf 2.3 V5,[R]Volkswagen Golf 2.3 V5
D8518011,Volkswagen Golf V6,Volkswagen Golf V6,Volkswagen Golf V6
DC518011,[R]Volkswagen Golf V6,[R]Volkswagen Golf V6,[R]Volkswagen Golf V6
DD518011,[R]Volkswagen Golf V6,[R]Volkswagen Golf V6,[R]Volkswagen Golf V6
DE518011,[R]Volkswagen Golf V6,[R]Volkswagen Golf V6,[R]Volkswagen Golf V6
58528011,Volkswagen Golf GTI 1.8T,Volkswagen Golf GTI 1.8T,Volkswagen Golf GTI 1.8T
5C528011,[R]Volkswagen Golf GTI 1.8T,[R]Volkswagen Golf GTI 1.8T,[R]Volkswagen Golf GTI 1.8T
5D528011,[R]Volkswagen Golf GTI 1.8T,[R]Volkswagen Golf GTI 1.8T,[R]Volkswagen Golf GTI 1.8T
5E528011,[R]Volkswagen Golf GTI 1.8T,[R]Volkswagen Golf GTI 1.8T,[R]Volkswagen Golf GTI 1.8T
58548011,Volkswagen Golf GTI,Volkswagen Golf GTI,Volkswagen Golf GTI
5C548011,[R]Volkswagen Golf GTI,[R]Volkswagen Golf GTI,[R]Volkswagen Golf GTI
5D548011,[R]Volkswagen Golf GTI,[R]Volkswagen Golf GTI,[R]Volkswagen Golf GTI
5E548011,[R]Volkswagen Golf GTI,[R]Volkswagen Golf GTI,[R]Volkswagen Golf GTI
1C578011,[R]Volkswagen Golf Rally Car,[R]Volkswagen Golf Rally Car,[R]Volkswagen Golf RALLY CAR
5CC48011,[R]Volkswagen New Beetle GT,[R]Volkswagen New Beetle GT,[R]Volkswagen New Beetle GT
D8678111,Volkswagen Lupo 1.4,Volkswagen Lupo 1.4,Volkswagen Lupo 1.4
DC678111,[R]Volkswagen Lupo 1.4,[R]Volkswagen Lupo 1.4,[R]Volkswagen Lupo 1.4
18838111,Volkswagen New Beetle,Volkswagen New Beetle,Volkswagen New Beetle 2.0
1C838111,[R]Volkswagen New Beetle,[R]Volkswagen New Beetle,[R]Volkswagen New Beetle 2.0
D8A18111,Volkswagen Polo 1.4 16V,Volkswagen Polo 1.4 16V,Volkswagen Polo 1.4 16V
1CF70012,[R]CR-X del-sol LM Edition,[R]Honda del Sol LM Edition,[R]CR-X Del-Sol LM Edition
58930C12,Honda Accord SiR-T '98,Honda Accord SiR-T '98,HONDA ACCORD SiR-T
5C930C12,[R]Honda Accord SiR-T '98,[R]Honda Accord SiR-T '98,[R]HONDA ACCORD SiR-T
58980C12,Honda Accord Wagon SiR'98,Honda Accord Wagon SiR'98,HONDA ACCORD Wagon SiR
5C980C12,[R]Honda Accord Wagon SiR'98,[R]Honda Accord Wagon SiR'98,[R]HONDA ACCORD Wagon SiR
58B00C12,Acura NSX '91,Acura NSX '91,ACURA NSX 3.0-L
5CB00C12,[R]Acura NSX '91,[R]Acura NSX '91,[R]ACURA NSX 3.0-L
D8B00C12,Acura NSX '97,Acura NSX '97,ACURA NSX 3.2-L
DCB00C12,[R]Acura NSX '97,[R]Acura NSX '97,[R]ACURA NSX 3.2-L
58B30C12,Honda Accord SiR-T '97,Honda Accord SiR-T '97,HONDA ACCORD SiR-T '97
5CB30C12,[R]Honda Accord SiR-T '97,[R]Honda Accord SiR-T '97,[R]HONDA ACCORD SiR-T '97
58B40C12,Acura Integra GS,Acura Integra GS,Acura Integra GS
5CB40C12,[R]Acura Integra GS,[R]Acura Integra GS,[R]Acura Integra GS
D8B40C12,Acura Integra GS-R,Acura Integra GS-R,ACURA INTEGRA GS-R
DCB40C12,[R]Acura Integra GS-R,[R]Acura Integra GS-R,[R]ACURA INTEGRA GS-R
98B50C12,Acura Integra LS,Acura Integra LS,Acura Integra LS
9CB50C12,[R]Acura Integra LS,[R]Acura Integra LS,[R]Acura Integra LS
18B70C12,Honda Accord Type R,Honda Accord Type R,HONDA ACCORD Type R
1CB70C12,[R]Honda Accord Type R,[R]Honda Accord Type R,[R]HONDA ACCORD Type R
58B80C12,Honda Accord Wgn 4WD '97,Honda Accord Wgn 4WD '97,HONDA ACCORD WGN '97
5CB80C12,[R]Honda Accord Wgn 4WD '97,[R]Honda Accord Wgn 4WD '97,[R]HONDA ACCORD WGN '97
D8C30C12,Honda Beat '91,Honda Beat '91,HONDA BEAT
DCC30C12,[R]Honda Beat '91,[R]Honda Beat '91,[R]HONDA BEAT
18C40C12,Honda Beat ver.F '92,Honda Beat ver.F '92,HONDA BEAT Version F
1CC40C12,[R]Honda Beat ver.F '92,[R]Honda Beat ver.F '92,[R]HONDA BEAT Version F
18C90C12,Honda Beat ver.Z '94,Honda Beat ver.Z '94,HONDA BEAT Version Z
1CC90C12,[R]Honda Beat ver.Z '94,[R]Honda Beat ver.Z '94,[R]HONDA BEAT Version Z
DCD20C12,[R]Castrol Mugen Accord,[R]Castrol Mugen Accord,[R]Castrol Mugen Accord
18D40C12,Honda Civic VTi '98,Honda Civic Sedan,HONDA CIVIC FERIO Si (EK)
1CD40C12,[R]Honda Civic VTi '98,[R]Honda Civic Sedan,[R]HONDA CIVIC FERIO Si (EK)
1CD60C12,[R]Castrol Mugen NSX GT,[R]Castrol Mugen NSX GT,[R]Castrol MUGEN NSX
18D70C12,Honda Civic Type R '98,Honda Civic Type R '98,HONDA CIVIC Type R (EK)
1CD70C12,[R]Honda Civic Type R '98,[R]Honda Civic Type R '98,[R]HONDA CIVIC Type R (EK)
58D70C12,Honda Civic VTi '98,Honda Civic 3 Door Si,HONDA CIVIC SiR (EK)
5CD70C12,[R]Honda Civic VTi '98,[R]Honda Civic 3 Door Si,[R]HONDA CIVIC SiR (EK)
58340D12,Honda Integra SiR-G '98,Honda Integra SiR-G '98,HONDA INTEGRA SiR-G
5C340D12,[R]Honda Integra SiR-G '98,[R]Honda Integra SiR-G '98,[R]HONDA INTEGRA SiR-G
18370D12,Honda Integra Type-R,Honda Integra Type-R,HONDA INTEGRA Type R '98
1C370D12,[R]Honda Integra Type-R,[R]Honda Integra Type-R,[R]HONDA INTEGRA Type R '98
DC600D12,[R]Honda S2000 GT1,[R]Honda S2000 GT1,[R]S2000 GT1
58620D12,Honda Life T '98,Honda Life T '98,HONDA LIFE T
D8640D12,Honda Life T '97,Honda Life T '97,HONDA LIFE T '97
58660D12,Honda Logo TS '98,Honda Logo TS '98,HONDA LOGO TS
5C660D12,[R]Honda Logo TS '98,[R]Honda Logo TS '98,[R]HONDA LOGO TS
D8700D12,Mugen CR-X PRO.2,Mugen CR-X PRO.2,MUGEN CR-X Pro.2
D8720D12,Mugen Accord SIR-T,Mugen Accord SIR-T,MUGEN ACCORD SIR-T
18730D12,Mugen Beat,Mugen Beat,MUGEN BEAT
58730D12,Mugen Civic Type-R,Mugen Civic Type-R,MUGEN CIVIC TYPE-R
98730D12,Mugen CR-X PRO.3,Mugen CR-X PRO.3,MUGEN CR-X Pro.3
18740D12,Mugen Civic Ferio,Mugen Civic Ferio,MUGEN CIVIC FERIO
D8740D12,Mugen Integra Type-R,Mugen Integra Type-R,MUGEN INTEGRA TYPE-R
98760D12,Mugen Prelude Type-S,Mugen Prelude Type-S,MUGEN PRELUDE TYPE-S
58770D12,MUGEN S2000,MUGEN S2000,MUGEN S2000
58780D12,Mugen Accord Wagon,Mugen Accord Wagon,MUGEN ACCORD WAGON
9C800D12,[R]Mobil 1 NSX GT '99,[R]Mobil 1 NSX GT '99,[R]MOBIL 1 NSX
5C830D12,[R]Castrol Mugen NSX GT '99,[R]Castrol Mugen NSX GT '99,[R]Castrol MUGEN NSX
1C870D12,[R]Raybrig NSX GT '99,[R]Raybrig NSX GT '99,[R]RAYBRIG NSX
9C870D12,[R]Takata NSX GT '99,[R]Takata NSX GT '99,[R]TAKATA NSX
18A70D12,Honda Prelude 2.2 VTi,Honda Prelude,HONDA PRELUDE SiR
1CA70D12,[R]Honda Prelude 2.2 VTi,[R]Honda Prelude,[R]HONDA PRELUDE SiR
58A70D12,Honda Prelude SiR S spec,Honda Prelude SiR S spec,HONDA PRELUDE SiR S spec
5CA70D12,[R]Honda Prelude SiR S spec,[R]Honda Prelude SiR S spec,[R]HONDA PRELUDE SiR S spec
D8D00D12,Honda S2000,Honda S2000,HONDA S2000
DCD00D12,[R]Honda S2000,[R]Honda S2000,[R]HONDA S2000
DDD00D12,[R]Honda S2000,[R]Honda S2000,[R]HONDA S2000
58D30D12,Spoon Civic Type-R,Spoon Civic Type-R,Spoon CIVIC
D8D40D12,Spoon Integra Type-R,Spoon Integra Type-R,Spoon INTEGRA
58D70D12,Spoon S2000,Spoon S2000,Spoon S2000
98470E12,Honda Z Turbo '98,Honda Z Turbo '98,HONDA Z Turbo
58D72C12,Honda Accord Sedan '96,Honda Accord Sedan '96,HONDA ACCORD SiR '96
5CD72C12,[R]Honda Accord Sedan '96,[R]Honda Accord Sedan '96,[R]HONDA ACCORD SiR '96
58D82C12,Honda Accord Wagon '96,Honda Accord Wagon '96,HONDA ACCORD WGN SiR '96
5CD82C12,[R]Honda Accord Wagon '96,[R]Honda Accord Wagon '96,[R]HONDA ACCORD WGN SiR '96
18372D12,Acura Integra Type R,Acura Integra Type R,ACURA INTEGRA Type R
1C372D12,[R]Acura Integra Type R,[R]Acura Integra Type R,[R]ACURA INTEGRA Type R
18063512,Honda Civic Ferio VTi,Honda Civic Sedan '96,HONDA CIVIC FERIO Si II (EK)
1C063512,[R]Honda Civic Ferio VTi,[R]Honda Civic Sedan '96,[R]HONDA CIVIC FERIO Si II (EK)
58063512,Honda Civic Ferio VTi '93,Honda Civic Sedan '93,HONDA CIVIC FERIO SiR '93
5C063512,[R]Honda Civic Ferio VTi '93,[R]Honda Civic Sedan '93,[R]HONDA CIVIC FERIO SiR '93
98C83512,Honda CR-X 1.6 VTEC,Honda Civic CRX Si '91,HONDA CR-X SiR (EF8)
9CC83512,[R]Honda CR-X 1.6 VTEC,[R]Honda Civic CRX Si '91,[R]HONDA CR-X SiR (EF8)
18063612,Honda Civic VTi,Honda Civic 3 Door '95,HONDA CIVIC SiR-II (EK)
1C063612,[R]Honda Civic VTi,[R]Honda Civic 3 Door '95,[R]HONDA CIVIC SiR-II (EK)
58063612,Honda Civic VTi '93,Honda Civic 3 Door Si '93,HONDA CIVIC SiR-II (EG) '93
5C063612,[R]Honda Civic VTi '93,[R]Honda Civic 3 Door Si '93,[R]HONDA CIVIC SiR-II (EG) '93
18073612,Honda Civic Type R '97,Honda Civic Type R '97,HONDA CIVIC Type R (EK)
1C073612,[R]Honda Civic Type R '97,[R]Honda Civic Type R '97,[R]HONDA CIVIC Type R (EK)
58F43812,Honda CRX 1.6ESi,Honda del Sol VGi '95,HONDA CR-X Del-Sol VGi '95
5CF43812,[R]Honda CRX 1.6ESi,[R]Honda del Sol VGi '95,[R]HONDA CR-X Del-Sol VGi '95
98F53812,Honda CR-X del-sol 1.6ESi,Honda del Sol S '93,HONDA CR-X Del-Sol VXi '92
9CF53812,[R]Honda CR-X del-sol 1.6ESi,[R]Honda del Sol S '93,[R]HONDA CR-X Del-Sol VXi '92
18F73812,Honda CR-X del-sol 1.6VTi,Honda del Sol Si '93,HONDA CR-X Del-Sol SiR '92
1CF73812,[R]Honda CR-X del-sol 1.6VTi,[R]Honda del Sol Si '93,[R]HONDA CR-X Del-Sol SiR '92
58F73812,Honda CRX 1.6VTi,Honda del Sol SiR '95,HONDA CR-X Del-Sol SiR '95
5CF73812,[R]Honda CRX 1.6VTi,[R]Honda del Sol SiR '95,[R]HONDA CR-X Del-Sol SiR '95
18B74C12,Acura Integra Type-R '95,Acura Integra Type-R '95,ACURA INTEGRA Type R
1CB74C12,[R]Acura Integra Type-R '95,[R]Acura Integra Type-R '95,[R]ACURA INTEGRA Type R
58B74C12,Acura Integra GS-R '95,Acura Integra GS-R '95,ACURA INTEGRA GS-R
5CB74C12,[R]Acura Integra GS-R '95,[R]Acura Integra GS-R '95,[R]ACURA INTEGRA GS-R
18874D12,Integra Type R '95,Integra Type R '95,INTEGRA Type R
1C874D12,[R]Integra Type R '95,[R]Integra Type R '95,[R]INTEGRA Type R
58874D12,Honda Integra SiR-G '95,Honda Integra SiR-G '95,HONDA INTEGRA SiR-G
5C874D12,[R]Honda Integra SiR-G '95,[R]Honda Integra SiR-G '95,[R]HONDA INTEGRA SiR-G
18B66012,Acura NSX Type S Zero,Acura NSX Type S Zero,ACURA NSX Type S Zero (J)
1CB66012,[R]Acura NSX Type S Zero,[R]Acura NSX Type S Zero,[R]ACURA NSX Type S Zero (J)
18B76012,Acura NSX '93,Acura NSX '93,ACURA NSX Type R '92 (J)
1CB76012,[R]Acura NSX '93,[R]Acura NSX '93,[R]ACURA NSX Type R '92 (J)
58B76012,Acura NSX Type S,Acura NSX Type S,ACURA NSX Type S (J)
5CB76012,[R]Acura NSX Type S,[R]Acura NSX Type S,[R]ACURA NSX Type S (J)
18D36112,NSX,NSX,NSX
1CD36112,[R]NSX,[R]NSX,[R]NSX
18D66112,NSX Type S Zero,NSX Type S Zero,NSX Type S Zero
1CD66112,[R]NSX Type S Zero,[R]NSX Type S Zero,[R]NSX Type S Zero
18D76112,NSX Type R '92,NSX Type R '92,NSX Type R '92
1CD76112,[R]NSX Type R '92,[R]NSX Type R '92,[R]NSX Type R '92
58D76112,NSX Type S,NSX Type S,NSX Type S
5CD76112,[R]NSX Type S,[R]NSX Type S,[R]NSX Type S
98D86112,NSX '90,NSX '90,NSX '90
9CD86112,[R]NSX '90,[R]NSX '90,[R]NSX '90
D8836912,Honda Prelude 2.0i '96,Honda Prelude '96,HONDA PRELUDE SiR '96
DC836912,[R]Honda Prelude 2.0i '96,[R]Honda Prelude '96,[R]HONDA PRELUDE SiR '96
18886912,Honda Prelude Type-S '96,Honda Prelude Type-SH,HONDA PRELUDE TYPE-S '96
1C886912,[R]Honda Prelude Type-S '96,[R]Honda Prelude Type-SH,[R]HONDA PRELUDE TYPE-S '96
D8C36912,Honda Prelude 2.0i '91,Honda Prelude Si '93,HONDA PRELUDE Si '91
DCC36912,[R]Honda Prelude 2.0i '91,[R]Honda Prelude Si '93,[R]HONDA PRELUDE Si '91
18C86912,Honda Prelude 2.2VTEC '91,Honda Prelude VTEC '94,HONDA PRELUDE Si VTEC '91
1CC86912,[R]Honda Prelude 2.2VTEC '91,[R]Honda Prelude VTEC '94,[R]HONDA PRELUDE Si VTEC '91
98512C13,Alfa 145 2.0 Cloverleaf,Alfa 145 2.0 Cloverleaf,Alfa 145 2.0 Cloverleaf
58612C13,Alfa 156 2.5 V6 24V,Alfa 156 2.5 V6 24V,Alfa 156 2.5 V6 24V
5C612C13,[R]Alfa 156 2.5 V6 24V,[R]Alfa 156 2.5 V6 24V,[R]Alfa 156 2.5 V6 24V
98612C13,Alfa 155 2.0 TS 16V,Alfa 155 2.0 TS 16V,Alfa 155 2.0 TS 16V
9C612C13,[R]Alfa 155 2.0 TS 16V,[R]Alfa 155 2.0 TS 16V,[R]Alfa 155 2.0 TS 16V
D8612C13,Alfa 156 2.0 TS 16V,Alfa 156 2.0 TS 16V,Alfa 156 2.0 TS 16V
DC612C13,[R]Alfa 156 2.0 TS 16V,[R]Alfa 156 2.0 TS 16V,[R]Alfa 156 2.0 TS 16V
9C632C13,[R]Alfa 155 Touring Car,[R]Alfa 155 Touring Car,[R]Alfa 155 Touring Car
18712C13,Alfa 166 3.0 V6 24V,Alfa 166 3.0 V6 24V,Alfa 166 3.0 V6 24V
98712C13,Alfa 166 2.5 V6 24V,Alfa 166 2.5 V6 24V,Alfa 166 2.5 V6 24V
D8712C13,Alfa 166 2.0 TS,Alfa 166 2.0 TS,Alfa 166 2.0 TS
58112D13,Alfa GTV 3.0 V6 24V,Alfa GTV 3.0 V6 24V,Alfa GTV 3.0 V6 24V
5C112D13,[R]Alfa GTV 3.0 V6 24V,[R]Alfa GTV 3.0 V6 24V,[R]Alfa GTV 3.0 V6 24V
D8112D13,Alfa GTV 2.0 TS 16V,Alfa GTV 2.0 TS 16V,Alfa GTV 2.0 TS 16V
DC112D13,[R]Alfa GTV 2.0 TS 16V,[R]Alfa GTV 2.0 TS 16V,[R]Alfa GTV 2.0 TS 16V
98D62D13,Alfa Spider 2.0 TS,Alfa Spider 2.0 TS,Alfa Spider 2.0 TS
58604C13,Fiat 500 Sporting,Fiat 500 '98,Fiat 500 '98
5C604C13,[R]Fiat 500 Sporting,[R]Fiat 500 '98,[R]Fiat 500 '98
5D604C13,[R]Fiat 500 Sporting,[R]Fiat 500 '98,[R]Fiat 500 '98
58704C13,Fiat 600 Sporting,Fiat 600,Fiat 600
D8C24C13,Fiat Barchetta,Fiat Barchetta,Fiat Barchetta
98D74C13,Fiat Coupe,Fiat Coupe,Fiat Coupe
9CD74C13,[R]Fiat Coupe,[R]Fiat Coupe,[R]Fiat Coupe
98914D13,Fiat 500R '75,Fiat 500R '75,Fiat 500R '75
9C914D13,[R]Fiat 500R '75,[R]Fiat 500R '75,[R]Fiat 500R '75
D8A74D13,Fiat Punto,Fiat Punto,Fiat Punto
DCA74D13,[R]Fiat Punto,[R]Fiat Punto,[R]Fiat Punto
58E35813,Lancia Delta HF I. Collezione,Lancia Delta HF I. Collezione,Lancia Delta HF I COLLEZIONE
D8E35813,Lancia Delta HF Integrale,Lancia Delta HF Integrale,Lancia Delta HF Integrale
1CE75813,[R]Delta HF Integrale Rally Car,[R]Delta HF Integrale Rally Car,[R]Delta HF Integrale RALLY CAR
18E85813,Delta HF Integrale Evo.,Delta HF Integrale Evo.,Lancia Delta HF Integrale Evo.
1CE85813,[R]Delta HF Integrale Evo.,[R]Delta HF Integrale Evo.,[R]Lancia Delta HF Integrale Evo.
5CD15913,[R]Lancia Delta S4,[R]Lancia Delta S4,[R]Lancia Delta S4
98D75913,Lancia Stratos,Lancia Stratos,Lancia Stratos
9CD75913,[R]Lancia Stratos,[R]Lancia Stratos,[R]Lancia Stratos
18315A13,Lancia Y 1.2 16V,Lancia Y 1.2 16V,Lancia Y 1.2 16V
1C315A13,[R]Lancia Y 1.2 16V,[R]Lancia Y 1.2 16V,[R]Lancia Y 1.2 16V
98206413,Lotus Elise 111S,Lotus Elise 111S,Lotus ELISE 111S
9C206413,[R]Lotus Elise 111S,[R]Lotus Elise 111S,[R]Lotus ELISE 111S
18216413,Lotus Elise 135,Lotus Elise 135,Lotus ELISE 135
1C216413,[R]Lotus Elise 135,[R]Lotus Elise 135,[R]Lotus ELISE 135
98226413,Lotus Elise 190,Lotus Elise 190,Lotus ELISE 190
9C226413,[R]Lotus Elise 190,[R]Lotus Elise 190,[R]Lotus ELISE 190
98F26413,Lotus Elan S2 '90,Lotus Elan S2 '90,Lotus ELAN S2 '90
98F56413,Lotus Elise,Lotus Elise,Lotus ELISE
9CF56413,[R]Lotus Elise,[R]Lotus Elise,[R]Lotus ELISE
58F76413,Lotus Esprit Sport 350,Lotus Esprit Sport 350,Lotus ESPRIT Sport 350
D8F76413,Lotus Europa,Lotus Europa,Lotus EUROPA
DCF76413,[R]Lotus Europa,[R]Lotus Europa,[R]Lotus EUROPA
98176513,Lotus Esprit V8 SE,Lotus Esprit V8 SE,Lotus ESPRIT V8 GT
5C376513,[R]Lotus Esprit GT1,[R]Lotus Esprit GT1,[R]Lotus ESPRIT GT1
98656513,Lotus Elise GT1,Lotus Elise GT1,Lotus ELISE GT1
9C656513,[R]Lotus Elise GT1,[R]Lotus Elise GT1,[R]Lotus ELISE GT1
58776513,Lotus Motorsport Elise,Lotus Motorsport Elise,Lotus Motorsport ELISE
5C776513,[R]Lotus Elise (Black Soft Top),[R]Lotus Elise (Black Soft Top),[R]Lotus Elise (Black Soft Top)
D8D06513,Lotus Elan S2 '64,Lotus Elan S2 '64,Lotus ELAN S2
DCD06513,[R]Lotus Elan S2 '64,[R]Lotus Elan S2 '64,[R]Lotus ELAN S2
58D16513,Lotus ELAN S4 Sprint '71,Lotus ELAN S4 Sprint '71,Lotus ELAN S4 Sprint
5CD16513,[R]Lotus ELAN S4 Sprint '71,[R]Lotus ELAN S4 Sprint '71,[R]Lotus ELAN S4 Sprint
D8D36513,Lotus Esprit V8 SE,Lotus Esprit V8 SE,Lotus ESPRIT V8 SE
18210C15,Tommykaira m13(StageII),Tommykaira m13(StageII),Tommykaira m13 II MARCH
98400C15,Tommykaira M30 (GTS) '87,Tommykaira M30 (GTS) '87,Tommykaira M30 Tuned R31
D8400C15,Tommykaira M30 (GTS-R)'91,Tommykaira M30 (GTS-R)'91,Tommykaira M30 Tuned R32
18410C15,Tommy kaira R '95,Tommy kaira R '95,Tommykaira R tuned R33GTR
58410C15,Tommy kaira R '99,Tommy kaira R '99,Tommykaira R tuned R34GTR
D8400E15,Tommykaira ZZII,Tommykaira ZZII,Tommykaira ZZII
18410E15,Tommykaira ZZIII,Tommykaira ZZIII,Tommykaira ZZIII
18490E15,Tommykaira ZZ-S Coupe,Tommykaira ZZ-S Coupe,Tommykaira ZZ-S COUPE
1C490E15,[R]Tommykaira ZZ-S Coupe,[R]Tommykaira ZZ-S Coupe,[R]Tommykaira ZZ-S COUPE
58733816,Aston Martin DB6,Aston Martin DB6,Aston Martin DB6
58833816,Aston Martin DB7 COUPE,Aston Martin DB7 COUPE,Aston Martin DB7 COUPE
5C833816,[R]Aston Martin DB7 COUPE,[R]Aston Martin DB7 COUPE,[R]Aston Martin DB7 COUPE
18883816,Aston Martin DB7 VOLANTE,Aston Martin DB7 VOLANTE,Aston Martin DB7 VOLANTE
1C883816,[R]Aston Martin DB7 VOLANTE,[R]Aston Martin DB7 VOLANTE,[R]Aston Martin DB7 VOLANTE
D8023A16,Aston Martin V8 VANTAGE,Aston Martin V8 VANTAGE,Aston Martin V8 VANTAGE
5CE60117,[R]Mitsubishi FTO LM Edition,[R]Mitsubishi FTO LM Edition,[R]FTO LM Edition
9CB10C17,[R]Lancer Evo.V Rally Car '98,[R]Lancer Evo.V Rally Car '98,[R]LANCER Evo.V RALLY CAR '98
58B40C17,Mitsubishi Galant VR-G '99,Mitsubishi Galant VR-G '99,MITSUBISHI GALANT VR-G
5CB40C17,[R]Mitsubishi Galant VR-G '99,[R]Mitsubishi Galant VR-G '99,[R]MITSUBISHI GALANT VR-G
98B50C17,Mitsubishi Galant VR-4 '99,Mitsubishi Galant VR-4 '99,MITSUBISHI GALANT VR-4
9CB50C17,[R]Mitsubishi Galant VR-4 '99,[R]Mitsubishi Galant VR-4 '99,[R]MITSUBISHI GALANT VR-4
D8100D17,Lancer Evolution II '94,Lancer Evolution II '94,LANCER Evolution II GSR
58110D17,Galant Super VR4 '98,Galant Super VR4 '98,GALANT SUPER VR4
5C110D17,[R]Galant Super VR4 '98,[R]Galant Super VR4 '98,[R]GALANT SUPER VR4
98110D17,Lancer Evolution V GSR '98,Lancer Evolution V GSR '98,LANCER Evolution V GSR
9C110D17,[R]Lancer Evolution V GSR '98,[R]Lancer Evolution V GSR '98,[R]LANCER Evolution V GSR
D8110D17,Lancer Evolution VI GSR '99,Lancer Evolution VI GSR '99,LANCER Evolution VI GSR
DC110D17,[R]Lancer Evolution VI GSR '99,[R]Lancer Evolution VI GSR '99,[R]LANCER Evolution VI GSR
58610D17,Legnum Super VR4 '98,Legnum Super VR4 '98,LEGNUM SUPER VR-4
5C610D17,[R]Legnum Super VR4 '98,[R]Legnum Super VR4 '98,[R]LEGNUM SUPER VR-4
58640D17,Mitsubishi Legnum VR-4 '97,Mitsubishi Legnum VR-4 '97,MITSUBISHI LEGNUM '97 VR-4
5C640D17,[R]Mitsubishi Legnum VR-4 '97,[R]Mitsubishi Legnum VR-4 '97,[R]MITSUBISHI LEGNUM '97 VR-4
58670D17,Mitsubishi Legnum ST '97,Mitsubishi Legnum ST '97,MITSUBISHI LEGNUM '97 ST
5C670D17,[R]Mitsubishi Legnum ST '97,[R]Mitsubishi Legnum ST '97,[R]MITSUBISHI LEGNUM '97 ST
98710D17,Mine's Lancer Evolution V,Mine's Lancer Evolution V,Mine's LANCER Evolution V
18720D17,Mirage Asti ZR '97,Mirage Asti ZR '97,MITSUBISHI MIRAGE Asti ZR
1C720D17,[R]Mirage Asti ZR '97,[R]Mirage Asti ZR '97,[R]MITSUBISHI MIRAGE Asti ZR
58720D17,Mitsubishi Minica '98,Mitsubishi Minica '98,MITSUBISHI MINICA Pj
D8720D17,Mirage Asti RX-R '98,Mirage Asti RX-R '98,MITSUBISHI MIRAGE Asti RX-R
DC720D17,[R]Mirage Asti RX-R '98,[R]Mirage Asti RX-R '98,[R]MITSUBISHI MIRAGE Asti RX-R
D8740D17,Mirage Cyborg-ZR '97,Mirage Cyborg-ZR '97,MITSUBISHI MIRAGE Cyborg-ZR
DC740D17,[R]Mirage Cyborg-ZR '97,[R]Mirage Cyborg-ZR '97,[R]MITSUBISHI MIRAGE Cyborg-ZR
58760D17,Mitsubishi Minica Dangan'90,Mitsubishi Minica Dangan'90,MITSUBISHI MINICA Dangan'90
18770D17,3000GT Turbo MR,3000GT Turbo MR,MITSUBISHI GTO MR
1C770D17,[R]3000GT Turbo MR,[R]3000GT Turbo MR,[R]MITSUBISHI GTO MR
58840D17,Mitsubishi Legnum VR-4 '99,Mitsubishi Legnum VR-4 '99,MITSUBISHI LEGNUM VR-4
5C840D17,[R]Mitsubishi Legnum VR-4 '99,[R]Mitsubishi Legnum VR-4 '99,[R]MITSUBISHI LEGNUM VR-4
58870D17,Mitsubishi Legnum ST '99,Mitsubishi Legnum ST '99,MITSUBISHI LEGNUM ST
5C870D17,[R]Mitsubishi Legnum ST '99,[R]Mitsubishi Legnum ST '99,[R]MITSUBISHI LEGNUM ST
58A20D17,Mitsubishi Pajero Mini '98,Mitsubishi Pajero Mini '98,MITSUBISHI PAJERO MINI
18A50D17,Mitsubishi Pajero Mini '97,Mitsubishi Pajero Mini '97,MITSUBISHI PAJERO MINI '97
98C10D17,Lancer Evolution V RS '98,Lancer Evolution V RS '98,LANCER Evolution V RS
9CC10D17,[R]Lancer Evolution V RS '98,[R]Lancer Evolution V RS '98,[R]LANCER Evolution V RS
D8C10D17,Lancer Evolution VI RS '99,Lancer Evolution VI RS '99,LANCER Evolution VI RS
DCC10D17,[R]Lancer Evolution VI RS '99,[R]Lancer Evolution VI RS '99,[R]LANCER Evolution VI RS
18D70D17,Mitsubishi 3000GT SR,Mitsubishi 3000GT SL,MITSUBISHI GTO SR
1CD70D17,[R]Mitsubishi 3000GT SR,[R]Mitsubishi 3000GT SL,[R]MITSUBISHI GTO SR
1CE40D17,[R]Taeivon Trampio FTO '99,[R]Taeivon Trampio FTO '99,[R]TAEIVON TRAMPIO FTO
9CE50D17,[R]Mitsubishi 3000GT LM '99,[R]Mitsubishi 3000GT LM '99,[R]GTO'99 LM Edition
98E70D17,3000GT VR-4 Turbo '99,Mitsubishi 3000GT VR-4,MITSUBISHI GTO Twin turbo
9CE70D17,[R]3000GT VR-4 Turbo '99,[R]Mitsubishi 3000GT VR-4,[R]MITSUBISHI GTO Twin turbo
9C110E17,[R]Lancer Evo.V Rally Car '98,[R]Lancer Evo.V Rally Car '98,[R]LANCER Evo.V RALLY CAR '98
DC110E17,[R]Lancer Evo.VI Rally Car '99,[R]Lancer Evo.VI Rally Car '99,[R]LANCER Evo.VI RALLY CAR '99
98D53C17,Mitsubishi Eclipse,Mitsubishi Eclipse,MITSUBISHI ECLIPSE
9CD53C17,[R]Mitsubishi Eclipse,[R]Mitsubishi Eclipse,[R]MITSUBISHI ECLIPSE
58E44117,Mitsubishi FTO GR '97,Mitsubishi FTO GR '97,MITSUBISHI FTO GR
5CE44117,[R]Mitsubishi FTO GR '97,[R]Mitsubishi FTO GR '97,[R]MITSUBISHI FTO GR
18E64117,FTO GP Ver.R '97,FTO GP Ver.R '97,MITSUBISHI FTO GP Version R
1CE64117,[R]FTO GP Ver.R '97,[R]FTO GP Ver.R '97,[R]MITSUBISHI FTO GP Version R
58E64117,Mitsubishi FTO GPX '94,Mitsubishi FTO GPX '94,MITSUBISHI FTO GPX '94
5CE64117,[R]Mitsubishi FTO GPX '94,[R]Mitsubishi FTO GPX '94,[R]MITSUBISHI FTO GPX '94
18E74117,Mitsubishi FTO GR '94,Mitsubishi FTO GR '94,MITSUBISHI FTO GR '94
1CE74117,[R]Mitsubishi FTO GR '94,[R]Mitsubishi FTO GR '94,[R]MITSUBISHI FTO GR '94
98E84117,Mitsubishi FTO GPX '97,Mitsubishi FTO GPX '97,MITSUBISHI FTO GPX
9CE84117,[R]Mitsubishi FTO GPX '97,[R]Mitsubishi FTO GPX '97,[R]MITSUBISHI FTO GPX
58B44417,Mitsubishi Galant VR-G '96,Mitsubishi Galant VR-G '96,MITSUBISHI GALANT VR-G '96
5CB44417,[R]Mitsubishi Galant VR-G '96,[R]Mitsubishi Galant VR-G '96,[R]MITSUBISHI GALANT VR-G '96
98B54417,Mitsubishi Galant VR-4 '96,Mitsubishi Galant VR-4 '96,MITSUBISHI GALANT VR-4 '96
9CB54417,[R]Mitsubishi Galant VR-4 '96,[R]Mitsubishi Galant VR-4 '96,[R]MITSUBISHI GALANT VR-4 '96
58864517,Mitsubishi 3000GT SR '97,Mitsubishi 3000GT SL,MITSUBISHI GTO SR '97
5C864517,[R]Mitsubishi 3000GT SR '97,[R]Mitsubishi 3000GT SL,[R]MITSUBISHI GTO SR '97
98874517,3000GT VR-4 Turbo '98,3000GT VR-4 Turbo '97,MITSUBISHI GTO TwinTurbo '97
9C874517,[R]3000GT VR-4 Turbo '98,[R]3000GT VR-4 Turbo '97,[R]MITSUBISHI GTO TwinTurbo '97
58964517,Mitsubishi 3000GT '92,Mitsubishi 3000GT '92,MITSUBISHI GTO '92
5C964517,[R]Mitsubishi 3000GT '92,[R]Mitsubishi 3000GT '92,[R]MITSUBISHI GTO '92
98974517,3000GT VR-4 Turbo '93,Mitsubishi 3000GT VR-4,MITSUBISHI GTO Twin Turbo
9C974517,[R]3000GT VR-4 Turbo '93,[R]Mitsubishi 3000GT VR-4,[R]MITSUBISHI GTO Twin Turbo
9CE54517,[R]Mitsubishi 3000GT LM,[R]Mitsubishi 3000GT LM,[R]GTO LM Edition
D8E54517,Mitsubishi 3000GT MR '95,Mitsubishi 3000GT MR '95,MITSUBISHI GTO MR '95
DCE54517,[R]Mitsubishi 3000GT MR '95,[R]Mitsubishi 3000GT MR '95,[R]MITSUBISHI GTO MR '95
58E64517,Mitsubishi 3000GT SR '95,Mitsubishi 3000GT SL,MITSUBISHI GTO SR '95
5CE64517,[R]Mitsubishi 3000GT SR '95,[R]Mitsubishi 3000GT SL,[R]MITSUBISHI GTO SR '95
98E74517,3000GT VR-4 Turbo '96,3000GT VR-4 Turbo '95,MITSUBISHI GTO Twin Turbo
9CE74517,[R]3000GT VR-4 Turbo '96,[R]3000GT VR-4 Turbo '95,[R]MITSUBISHI GTO Twin Turbo
18865917,Lancer EvolutionIV GSR '96,Lancer EvolutionIV GSR '96,LANCER Evolution IV GSR
1C865917,[R]Lancer EvolutionIV GSR '96,[R]Lancer EvolutionIV GSR '96,[R]LANCER Evolution IV GSR
58865917,Lancer Evolution III GSR '95,Lancer Evolution III GSR '95,LANCER Evolution III GSR
5C865917,[R]Lancer Evolution III GSR '95,[R]Lancer Evolution III GSR '95,[R]LANCER Evolution III GSR
1CC65917,[R]Lancer Evo. IV Rally Car,[R]Lancer Evo. IV Rally Car,[R]LANCER Evo. IV RALLY CAR
5CC65917,[R]Lancer Evo. III Rally Car,[R]Lancer Evo. III Rally Car,[R]LANCER Evo. III RALLY CAR
58165D17,Mirage Cyborg R '92,Mirage Cyborg R '92,MITSUBISHI MIRAGE Cyborg R
5C165D17,[R]Mirage Cyborg R '92,[R]Mirage Cyborg R '92,[R]MITSUBISHI MIRAGE Cyborg R
18175D17,Mirage Asti RX '96,Mirage Asti RX '96,MITSUBISHI MIRAGE Asti '96
1C175D17,[R]Mirage Asti RX '96,[R]Mirage Asti RX '96,[R]MITSUBISHI MIRAGE Asti '96
58100018,Nismo 400R,Nismo 400R,NISMO 400R
5C100018,[R]Nismo 400R,[R]Nismo 400R,[R]NISMO 400R
58220018,Nissan Sileighty,Nissan Sileighty,Sil Eighty
5C220018,[R]Nissan Sileighty,[R]Nissan Sileighty,[R]Sil Eighty
58900818,200SX Type X(J) '96,240SX Fastback Type X '96,NISSAN 180SX Type X '95
5C900818,[R]200SX Type X(J) '96,[R]240SX Fastback Type X '96,[R]NISSAN 180SX Type X '95
18960818,200SX Type X(J) '96,240SX Fastback Type X '96,NISSAN 180SX Type X
1C960818,[R]200SX Type X(J) '96,[R]240SX Fastback Type X '96,[R]NISSAN 180SX Type X
58970818,200SX Type S(J) '96,240SX Fastback Type S '96,NISSAN 180SX Type S
5C970818,[R]200SX Type S(J) '96,[R]240SX Fastback Type S '96,[R]NISSAN 180SX Type S
58400C18,Skyline Turbo RS-X '84,Skyline Turbo RS-X '84,R30 SKYLINE RS-X Turbo
5C400C18,[R]Skyline Turbo RS-X '84,[R]Skyline Turbo RS-X '84,[R]R30 SKYLINE RS-X Turbo
98400C18,Skyline GTS-R(R31) '87,Skyline GTS-R(R31) '87,R31 SKYLINE GTS-R
9C400C18,[R]Skyline GTS-R(R31) '87,[R]Skyline GTS-R(R31) '87,[R]R31 SKYLINE GTS-R
58410C18,Skyline 25GT Turbo(R34),Skyline 25GT Turbo(R34),R34 SKYLINE 25GT TURBO
5C410C18,[R]Skyline 25GT Turbo(R34),[R]Skyline 25GT Turbo(R34),[R]R34 SKYLINE 25GT TURBO
9C420C18,[R]Nissan R390 GT1 '97,[R]Nissan R390 GT1 '97,[R]R390 GT1 '97
18460C18,Nissan R390GT1 RoadCar'97,Nissan R390GT1 RoadCar'97,R390 GT1 Road Car '97
5C470C18,[R]R30 Silhouette Formula,[R]R30 Silhouette Formula,[R]R30 Silhouette Formula
1C490C18,[R]Nissan 300ZX-GTS GT '97,[R]Nissan 300ZX-GTS GT '97,[R]NISSAN 300ZX-GTS GT
5C500C18,[R]Nissan R390 GT1 '98,[R]Nissan R390 GT1 '98,[R]R390 GT1 '98
18560C18,Nissan R390GT1 RoadCar'98,Nissan R390GT1 RoadCar'98,R390 GT1 Road Car '98
98560C18,Nismo 400R PreceidingModel,Nismo 400R PreceidingModel,NISMO 400R Preceiding Model
18570C18,Skyline GT-R(R34) '99,Skyline GT-R(R34) '99,R34 SKYLINE GT-R
1C570C18,[R]Skyline GT-R(R34) '99,[R]Skyline GT-R(R34) '99,[R]R34 SKYLINE GT-R
1D570C18,[R]Skyline GT-R(R34) '99,[R]Skyline GT-R(R34) '99,[R]R34 SKYLINE GT-R
18580C18,Skyline GT-R V-spec(R34),Skyline GT-R V-spec(R34),R34 SKYLINE GT-R V spec
1C580C18,[R]Skyline GT-R V-spec(R34),[R]Skyline GT-R V-spec(R34),[R]R34 SKYLINE GT-R V spec
1D580C18,[R]Skyline GT-R V-spec(R34),[R]Skyline GT-R V-spec(R34),[R]R34 SKYLINE GT-R V spec
18590C18,Datsun 240Z (J) '71,Datsun 240Z 240ZG(J) '71,HS30 FAIRLADY 240Z
1C590C18,[R]Datsun 240Z (J) '71,[R]Datsun 240Z 240ZG(J) '71,[R]HS30 FAIRLADY 240Z
58700C18,Stagea 260RS Nismo,Stagea 260RS Nismo,STAGEA 260RS NISMO
58800C18,Nismo 270R,Nismo 270R,NISMO 270R
98800C18,Skyline GT-R(KPGC10) '71,Skyline GT-R(KPGC10) '71,KPGC10 SKYLINE GT-R '71
9C800C18,[R]Skyline GT-R(KPGC10) '71,[R]Skyline GT-R(KPGC10) '71,[R]KPGC10 SKYLINE GT-R '71
58900C18,Skyline 280 Type MR,Skyline 280 Type MR,Nissan Prince SKILINE 280
5C900C18,[R]Skyline 280 Type MR,[R]Skyline 280 Type MR,[R]Nissan Prince SKILINE 280
58910C18,Nissan Stagea RS Four V '98,Nissan Stagea RS FourV '98,NISSAN STAGEA RS FOUR V
5C910C18,[R]Nissan Stagea RS Four V '98,[R]Nissan Stagea RS FourV '98,[R]NISSAN STAGEA RS FOUR V
58940C18,Nissan Stagea 260RS '98,Nissan Stagea 260RS '98,NISSAN STAGEA 260RS
5C940C18,[R]Nissan Stagea 260RS '98,[R]Nissan Stagea 260RS '98,[R]NISSAN STAGEA 260RS
D8D70C18,Nissan Cube X '98,Nissan Cube X '98,NISSAN CUBE X
DCD70C18,[R]Nissan Cube X '98,[R]Nissan Cube X '98,[R]NISSAN CUBE X
1CE10C18,[R]HKS R33 Drag GT-R,[R]HKS R33 Drag GT-R,[R]HKS R33 DRAG GT-R
5CE20C18,[R]HKS Drag 180SX,[R]HKS Drag 180SX,[R]HKS DRAG 180SX
5CE70C18,[R]Daisin Silvia GT '99,[R]Daisin Silvia GT '99,[R]DAISHIN SILVIA GT
1C120D18,[R]Zexel Skyline GT '97,[R]Zexel Skyline GT '97,[R]ZEXEL SKYLINE GT
5C130D18,[R]Calsonic Skyline GT '99,[R]Calsonic Skyline GT '99,[R]CALSONIC SKYLINE GT
5C150D18,[R]Kure R33 GT '97,[R]Kure R33 GT '97,[R]KURE R33 GT
9C160D18,[R]Pennzoil Nismo GT-R GT'99,[R]Pennzoil Nismo GT-R GT'99,[R]PENNZOIL NISMO GT-R GT
DC170D18,[R]Unisia Jecs Skyline GT '99,[R]Unisia Jecs Skyline GT '99,[R]UNISIA JECS SKYLINE GT
1C190D18,[R]Arta Zexel Skyline GT '99,[R]Arta Zexel Skyline GT '99,[R]ARTA ZEXEL SKYLINE GT
58570D18,Nissan 200SX K'S Aero '98,Nissan 240SX K'S Aero '98,NISSAN SILVIA K's Aero SE
5C570D18,[R]Nissan 200SX K'S Aero '98,[R]Nissan 240SX K'S Aero '98,[R]NISSAN SILVIA K's Aero SE
D8700D18,Mine's R32.5 Skyline GT-R,Mine's R32.5 Skyline GT-R,Mine's R32.5 SKYLINE GT-R
18710D18,Mine's R33 Skyline GT-R,Mine's R33 Skyline GT-R,Mine's R33 SKYLINE GT-R
58710D18,Mine's R34 Skyline GT-R,Mine's R34 Skyline GT-R,Mine's R34 SKYLINE GT-R
D8720D18,Nissan Micra SR '97,Nissan March G# '97,NISSAN MARCH G#
DC720D18,[R]Nissan Micra SR '97,[R]Nissan March G# '97,[R]NISSAN MARCH G#
98770D18,Nissan Micra Super Turbo'89,Nissan March SuperTurbo'89,NISSAN MARCH SUPER TURBO
9C770D18,[R]Nissan Micra Super Turbo'89,[R]Nissan March SuperTurbo'89,[R]NISSAN MARCH SUPER TURBO
98A00D18,Nissan Almera VZ-R N1 '97,Nissan Pulsar VZ-R N1 '97,NISSAN PULSAR VZ-R N1
9CA00D18,[R]Nissan Almera VZ-R N1 '97,[R]Nissan Pulsar VZ-R N1 '97,[R]NISSAN PULSAR VZ-R N1
D8A00D18,Nissan Primera '98,Nissan Infiniti G20 '98,NISSAN PRIMERA 2.0Te-V
DCA00D18,[R]Nissan Primera '98,[R]Nissan Infiniti G20 '98,[R]NISSAN PRIMERA 2.0Te-V
18A80D18,Nissan Almera VZ-R '97,Nissan Pulsar VZ-R '97,NISSAN PULSAR VZ-R
1CA80D18,[R]Nissan Almera VZ-R '97,[R]Nissan Pulsar VZ-R '97,[R]NISSAN PULSAR VZ-R
58A80D18,Nissan Primera Wagon '98,Nissan Primera Wagon '98,NISSAN PRIMERA Wagon
5CA80D18,[R]Nissan Primera Wagon '98,[R]Nissan Primera Wagon '98,[R]NISSAN PRIMERA Wagon
58C10D18,R33 Skyline GT-R 4Door'97,R33 Skyline GT-R 4Door'97,R33 SKYLINE GT-R 4Door
5CC10D18,[R]Nissan Skyline GT-R (R33) 4Door '97,[R]Nissan Skyline GT-R (R33) 4Door '97,[R]Nissan Skyline GT-R (R33) 4Door '97
18C60D18,GT-R Autech Ver. Nismo,GT-R Autech Ver. Nismo,GT-R Autech Ver. NISMO
98C70D18,300ZX 2+2 Turbo '98,300ZX Ver. R 2by2 Turbo,Z Ver.R 2by2 Twin Turbo
9CC70D18,[R]300ZX 2+2 Turbo '98,[R]300ZX Ver. R 2by2 Turbo,[R]Z Ver.R 2by2 Twin Turbo
58D10D18,Nissan Stagea RS Four V '97,Nissan Stagea RS FourV '97,NISSAN STAGEA RS FOUR V'97
5CD10D18,[R]Nissan Stagea RS Four V '97,[R]Nissan Stagea RS FourV '97,[R]NISSAN STAGEA RS FOUR V'97
98D30D18,Nissan Silvia Spec R Aero,Nissan Silvia Spec R Aero,NISSAN S15 SILVIA Sp.R Aero
58D40D18,Nissan Stagea 260RS '97,Nissan Stagea 260RS '97,NISSAN STAGEA 260RS
5CD40D18,[R]Nissan Stagea 260RS '97,[R]Nissan Stagea 260RS '97,[R]NISSAN STAGEA 260RS
58D50D18,Nissan Silvia Spec R '99,Nissan Silvia Spec R '99,NISSAN S15 SILVIA Sp.R
5CD50D18,[R]Nissan Silvia Spec R '99,[R]Nissan Silvia Spec R '99,[R]NISSAN S15 SILVIA Sp.R
18D60D18,Nissan Sunny VZ-R '98,Nissan Sunny VZ-R '98,NISSAN Sunny VZ-R
1CD60D18,[R]Nissan Sunny VZ-R '98,[R]Nissan Sunny VZ-R '98,[R]NISSAN Sunny VZ-R
D8D60D18,Nissan Silvia Spec S '99,Nissan Silvia Spec S '99,NISSAN S15 SILVIA Sp.S
DCD60D18,[R]Nissan Silvia Spec S '99,[R]Nissan Silvia Spec S '99,[R]NISSAN S15 SILVIA Sp.S
98D70D18,Nissan 300ZX Turbo '98,300ZX Ver. S 2seater Turbo,Z Ver.S 2seater Twin Turbo
9CD70D18,[R]Nissan 300ZX Turbo '98,[R]300ZX Ver. S 2seater Turbo,[R]Z Ver.S 2seater Twin Turbo
98D80D18,Nissan Silvia Spec R Aero,Nissan Silvia Spec R Aero,NISSAN S15 SILVIA Sp.R Aero
9CD80D18,[R]Nissan Silvia Spec R Aero,[R]Nissan Silvia Spec R Aero,[R]NISSAN S15 SILVIA Sp.R Aero
D8D80D18,Nissan Silvia Spec S Aero,Nissan Silvia Spec S Aero,NISSAN S15 SILVIA Sp.S Aero
DCD80D18,[R]Nissan Silvia Spec S Aero,[R]Nissan Silvia Spec S Aero,[R]NISSAN S15 SILVIA Sp.S Aero
5C270E18,[R]Zanavi Arta Silvia GT '99,[R]Zanavi Arta Silvia GT '99,[R]XANAVI ARTA SILVIA GT
18470E18,Nissan 300ZX 2+2 '98,300ZX Ver. R 2by2 '98,FAIRLADY Z Ver.R 2by2
1C470E18,[R]Nissan 300ZX 2+2 '98,[R]300ZX Ver. R 2by2 '98,[R]FAIRLADY Z Ver.R 2by2
58470E18,Nissan 300ZX '98,300ZX Ver. S 2seater '98,FAIRLADY Z Version S 2seater
5C470E18,[R]Nissan 300ZX '98,[R]300ZX Ver. S 2seater '98,[R]FAIRLADY Z Version S 2seater
D8401418,Skyline GTS4(R32) '91,Skyline GTS4(R32) '91,R32 SKYLINE GTS4
DC401418,[R]Skyline GTS4(R32) '91,[R]Skyline GTS4(R32) '91,[R]R32 SKYLINE GTS4
18212E18,Nissan 300ZX 2-seater,Nissan 300ZX 2-seater,Nissan 300ZX 2-seater
1C212E18,[R]Nissan 300ZX 2-seater,[R]Nissan 300ZX 2-seater,[R]Nissan 300ZX 2-seater
58272E18,Nissan 300ZX Turbo,Nissan 300ZX Turbo,Nissan 300ZX Turbo
5C272E18,[R]Nissan 300ZX Turbo,[R]Nissan 300ZX Turbo,[R]Nissan 300ZX Turbo
18282E18,Nissan 300ZX 2+2 '94,Nissan 300ZX 2+2,Nissan 300ZX 2+2
1C282E18,[R]Nissan 300ZX 2+2 '94,[R]Nissan 300ZX 2+2,[R]Nissan 300ZX 2+2
58213C18,Nissan 200SX '95,Nissan 200SX '95,Nissan 200SX '95
5C213C18,[R]Nissan 200SX '95,[R]Nissan 200SX '95,[R]Nissan 200SX '95
98213C18,Nissan 200SX '98,Nissan 200SX '98,Nissan 200SX '98
9C213C18,[R]Nissan 200SX '98,[R]Nissan 200SX '98,[R]Nissan 200SX '98
D8A03D18,Nissan Primera '98,Nissan Infiniti G20 '98,NISSAN PRIMERA 2.0Te-V
DCA03D18,[R]Nissan Primera '98,[R]Nissan Infiniti G20 '98,[R]NISSAN PRIMERA 2.0Te-V
18415818,Nismo GT-R LM Road Car,Nismo GT-R LM Road Car,NISMO GT-R LM
1C415818,[R]Nismo GT-R LM Road Car,[R]Nismo GT-R LM Road Car,[R]NISMO GT-R LM
D8405C18,Skyline GTS25 Type S(R32),Skyline GTS25 Type S(R32),R32 SKYLINE GTS25 Type S
DC405C18,[R]Skyline GTS25 Type S(R32),[R]Skyline GTS25 Type S(R32),[R]R32 SKYLINE GTS25 Type S
D8406018,Skyline GT-R NISMO(R32),Skyline GT-R NISMO(R32),R32 SKYLINE GT-R NISMO
DC406018,[R]Skyline GT-R NISMO(R32),[R]Skyline GT-R NISMO(R32),[R]R32 SKYLINE GT-R NISMO
58666918,Nissan Sunny '91,Nissan GTi-R '91,NISSAN PULSAR GTI-R '91
5C666918,[R]Nissan Sunny '91,[R]Nissan GTi-R '91,[R]NISSAN PULSAR GTI-R '91
1C676918,[R]Nissan Pulsar Rally Car,[R]Nissan Pulsar Rally Car,[R]NISSAN PULSAR RALLY CAR
D8C46918,Nissan Primera GT '95,Nissan Infiniti G20 2.0Te'96,NISSAN PRIMERA 2.0Te '95
DCC46918,[R]Nissan Primera GT '95,[R]Nissan Infiniti G20 2.0Te'96,[R]NISSAN PRIMERA 2.0Te '95
58C66918,Nissan Primera GT '90,Nissan Infiniti G20 2.0Te'91,NISSAN PRIMERA 2.0Te '90
5CC66918,[R]Nissan Primera GT '90,[R]Nissan Infiniti G20 2.0Te'91,[R]NISSAN PRIMERA 2.0Te '90
18216C18,Nissan Silvia Q's 1800cc '88,Nissan Silvia Q's 1800cc '88,NISSAN S13 SILVIA Q's '88
1C216C18,[R]Nissan Silvia Q's 1800cc '88,[R]Nissan Silvia Q's 1800cc '88,[R]NISSAN S13 SILVIA Q's '88
58216C18,Nissan 200SX Q's '95,Nissan 240SX Q's '95,NISSAN S14 SILVIA Q's '95
5C216C18,[R]Nissan 200SX Q's '95,[R]Nissan 240SX Q's '95,[R]NISSAN S14 SILVIA Q's '95
98216C18,Nissan 200SX Q's Aero '97,Nissan 240SX Q's Aero '97,NISSAN S14 SILVIA Q's '96
9C216C18,[R]Nissan 200SX Q's Aero '97,[R]Nissan 240SX Q's Aero '97,[R]NISSAN S14 SILVIA Q's '96
18316C18,Nissan Silvia Q's 2000cc '91,Nissan Silvia Q's 2000cc '91,NISSAN S13 SILVIA Q's '91
1C316C18,[R]Nissan Silvia Q's 2000cc '91,[R]Nissan Silvia Q's 2000cc '91,[R]NISSAN S13 SILVIA Q's '91
D8107018,Skyline GT-R(R32) '89,Skyline GT-R(R32) '89,R32 SKYLINE GT-R '89
DC107018,[R]Skyline GT-R(R32) '89,[R]Skyline GT-R(R32) '89,[R]R32 SKYLINE GT-R '89
D8407018,Skyline GT-R(R32) '91,Skyline GT-R(R32) '91,R32 SKYLINE GT-R '91
DC407018,[R]Skyline GT-R(R32) '91,[R]Skyline GT-R(R32) '91,[R]R32 SKYLINE GT-R '91
18417018,Skyline GT-R(R33) '95,Skyline GT-R(R33) '95,R33 SKYLINE GT-R '95
1C417018,[R]Skyline GT-R(R33) '95,[R]Skyline GT-R(R33) '95,[R]R33 SKYLINE GT-R '95
58417018,Skyline GT-R(R33) '97,Skyline GT-R(R33) '97,R33 SKYLINE GT-R
5C417018,[R]Skyline GT-R(R33) '97,[R]Skyline GT-R(R33) '97,[R]R33 SKYLINE GT-R
18217418,Nissan Silvia K's 1800cc '88,Nissan Silvia K's 1800cc '88,NISSAN S13 SILVIA K's '88
1C217418,[R]Nissan Silvia K's 1800cc '88,[R]Nissan Silvia K's 1800cc '88,[R]NISSAN S13 SILVIA K's '88
58217418,Nissan 200SX '95,Nissan 240SX K's '95,NISSAN S14 SILVIA K's '95
5C217418,[R]Nissan 200SX '95,[R]Nissan 240SX K's '95,[R]NISSAN S14 SILVIA K's '95
98217418,Nissan 200SX '98,Nissan 240SX K's Aero '96,NISSAN S14 SILVIA K's '96
9C217418,[R]Nissan 200SX '98,[R]Nissan 240SX K's Aero '96,[R]NISSAN S14 SILVIA K's '96
18317418,Nissan Silvia K's 2000cc '91,Nissan Silvia K's 2000cc '91,NISSAN S13 SILVIA K's '91
1C317418,[R]Nissan Silvia K's 2000cc '91,[R]Nissan Silvia K's 2000cc '91,[R]NISSAN S13 SILVIA K's '91
D8407818,Skyline GTS-t Type M(R32),Skyline GTS-t Type M(R32),R32 SKYLINE GTS-t Type M
DC407818,[R]Skyline GTS-t Type M(R32),[R]Skyline GTS-t Type M(R32),[R]R32 SKYLINE GTS-t Type M
18417818,Skyline GTS25t TypeM(R33),Skyline GTS25t TypeM(R33),R33 SKYLINE GTS25t Type M
1C417818,[R]Skyline GTS25t TypeM(R33),[R]Skyline GTS25t TypeM(R33),[R]R33 SKYLINE GTS25t Type M
D8208018,Skyline GT-R Vspec(R32),Skyline GT-R Vspec(R32),R32 SKYLINE GT-R V spec
DC208018,[R]Skyline GT-R Vspec(R32),[R]Skyline GT-R Vspec(R32),[R]R32 SKYLINE GT-R V spec
D8308018,Skyline GT-R Vspec II(R32),Skyline GT-R Vspec II(R32),R32 SKYLINE GT-R V spec II
DC308018,[R]Skyline GT-R Vspec II(R32),[R]Skyline GT-R Vspec II(R32),[R]R32 SKYLINE GT-R V spec II
18418018,Skyline GT-R Vsp.(R33) '95,Skyline GT-R Vsp.(R33) '95,R33 SKYLINE GT-R V spec '95
1C418018,[R]Skyline GT-R Vsp.(R33) '95,[R]Skyline GT-R Vsp.(R33) '95,[R]R33 SKYLINE GT-R V spec '95
58418018,Skyline GT-R '98,Skyline GT-R Vsp.(R33) '97,R33 SKYLINE GT-R V spec
5C418018,[R]Skyline GT-R '98,[R]Skyline GT-R Vsp.(R33) '97,[R]R33 SKYLINE GT-R V spec
D8209218,Nissan 300ZX 2+2 '94,300ZX Ver.S 2by2 Turbo '94,Z Ver.S 2by2 Twin Turbo '94
DC209218,[R]Nissan 300ZX 2+2 '94,[R]300ZX Ver.S 2by2 Turbo '94,[R]Z Ver.S 2by2 Twin Turbo '94
18219218,Nissan 300ZX Ver.S (J) '94,Nissan Z Ver.S 2seater. '94,FAIRLADY Z Ver.S 2seater. '94
1C219218,[R]Nissan 300ZX Ver.S (J) '94,[R]Nissan Z Ver.S 2seater. '94,[R]FAIRLADY Z Ver.S 2seater. '94
58279218,300ZX Ver.S Turbo (J) '94,Z Ver.S 2seater Turbo '94,Z Ver.S 2seater TwinTurbo '94
5C279218,[R]300ZX Ver.S Turbo (J) '94,[R]Z Ver.S 2seater Turbo '94,[R]Z Ver.S 2seater TwinTurbo '94
18289218,Nissan 300ZX 2+2 '94,FAIRLADY Z Ver.S 2by2 '94,FAIRLADY Z Ver.S 2by2 '94
1C289218,[R]Nissan 300ZX 2+2 '94,[R]FAIRLADY Z Ver.S 2by2 '94,[R]FAIRLADY Z Ver.S 2by2 '94
D8700D1B,Daihatsu Move SR-XX '97,Daihatsu Move SR-XX '97,DAIHATSU MOVE SR-XX '97
DC700D1B,[R]Daihatsu Move SR-XX '97,[R]Daihatsu Move SR-XX '97,[R]DAIHATSU MOVE SR-XX '97
58710D1B,Daihatsu Move SR-XX '97,Daihatsu Move SR-XX '97,DAIHATSU MOVE SR-XX '97
5C710D1B,[R]Daihatsu Move SR-XX '97,[R]Daihatsu Move SR-XX '97,[R]DAIHATSU MOVE SR-XX '97
58720D1B,Daihatsu Move '98,Daihatsu Move SR-XX '98,DAIHATSU MOVE SR-XX
5C720D1B,[R]Daihatsu Move '98,[R]Daihatsu Move SR-XX '98,[R]DAIHATSU MOVE SR-XX
58730D1B,Daihatsu Move Aero-C '98,Daihatsu Move Aero-C '98,DAIHATSU MOVE AERO-C
5C730D1B,[R]Daihatsu Move Aero-C '98,[R]Daihatsu Move Aero-C '98,[R]DAIHATSU MOVE AERO-C
D8740D1B,Daihatsu Midget II D-type,Daihatsu Midget II D-type,DAIHATSU MIDGET II
58760D1B,Daihatsu Cuore TR-XX '90,Daihatsu Mira TR-XX '90,DAIHATSU MIRA TR-XX '90
5C760D1B,[R]Daihatsu Cuore TR-XX '90,[R]Daihatsu Mira TR-XX '90,[R]DAIHATSU MIRA TR-XX '90
18780D1B,Daihatsu Move '95,Daihatsu Move CX '95,DAIHATSU MOVE CX '95
1C780D1B,[R]Daihatsu Move '95,[R]Daihatsu Move CX '95,[R]DAIHATSU MOVE CX '95
58910D1B,Daihatsu Opti C. S. '97,Daihatsu Opti C. S. '97,DAIHATSU OPTI C. S. '97
5C910D1B,[R]Daihatsu Opti C. S. '97,[R]Daihatsu Opti C. S. '97,[R]DAIHATSU OPTI C. S. '97
D8930D1B,Daihatsu Opti Aero. Beex '98,Daihatsu Opti Aero. Beex'98,DAIHATSU OPTI Aero. Beex
98960D1B,Daihatsu Opti C. S. '97,Daihatsu Opti C. S. '97,DAIHATSU OPTI C. S. '97
9C960D1B,[R]Daihatsu Opti C. S. '97,[R]Daihatsu Opti C. S. '97,[R]DAIHATSU OPTI C. S. '97
58D10D1B,Daihatsu Sirion (4WD) '98,Daihatsu Storia CX(4WD) '98,DAIHATSU STORIA CX 4WD
5CD10D1B,[R]Daihatsu Sirion (4WD) '98,[R]Daihatsu Storia CX(4WD) '98,[R]DAIHATSU STORIA CX 4WD
58D40D1B,[R]Daihatsu Storia Rally Car,[R]Daihatsu Storia Rally Car,[R]Daihatsu Storia Rally Car
5CD40D1B,[R]Daihatsu Sirion Rally Car,[R]Daihatsu Storia Rally Car,[R]DAIHATSU STORIA RALLY CAR
98D70D1B,Daihatsu Sirion (2WD) '98,Daihatsu Storia CX(2WD) '98,DAIHATSU STORIA CX 2WD
9CD70D1B,[R]Daihatsu Sirion (2WD) '98,[R]Daihatsu Storia CX(2WD) '98,[R]DAIHATSU STORIA CX 2WD
D8E30D1B,Daihatsu Terios Kid Aero.'98,Daihatsu Terios Kid Aero.'98,DAIHATSU TERIOS KID Aero.
18E70D1B,Daihatsu Cuore (Aero Pac.),Daihatsu Mira TR '98,DAIHATSU MIRA TR
1CE70D1B,[R]Daihatsu Cuore (Aero Pac.),[R]Daihatsu Mira TR '98,[R]DAIHATSU MIRA TR
98E80D1B,Daihatsu Cuore,Daihatsu Mira TX '98,DAIHATSU MIRA TX
9CE80D1B,[R]Daihatsu Cuore,[R]Daihatsu Mira TX '98,[R]DAIHATSU MIRA TX
58210E1B,Daihatsu Sirion X4(J) '98,Daihatsu Storia X4 '98,DAIHATSU STORIA X4
5C210E1B,[R]Daihatsu Sirion X4(J) '98,[R]Daihatsu Storia X4 '98,[R]DAIHATSU STORIA X4
1C270E1B,[R]Daihatsu Sirion Rally Car,[R]Daihatsu Storia Rally Car,[R]DAIHATSU STORIA RALLY CAR
D8300C1D,Impreza 22B Sti Version '98,Impreza 22B Sti Version '98,IMPREZA 22B STi Version
DC300C1D,[R]Impreza 22B Sti Version '98,[R]Impreza 22B Sti Version '98,[R]IMPREZA 22B STi Version
D8410C1D,Subaru 360,Subaru 360,SUBARU 360 YOUNG SS
D8B10C1D,Impreza typeRA STi Ver.VI,Impreza typeRA STi Ver.VI,IMPREZA TypeRA STi Ver.VI
DCB10C1D,[R]Impreza typeRA STi Ver.VI,[R]Impreza typeRA STi Ver.VI,[R]IMPREZA TypeRA STi Ver.VI
DDB10C1D,[R]Impreza typeRA STi Ver.VI,[R]Impreza typeRA STi Ver.VI,[R]IMPREZA TypeRA STi Ver.VI
DCD40C1D,[R]Cusco Subaru Impreza GT'99,[R]Cusco Subaru Impreza GT'99,[R]CUSCO SUBARU IMPREZA
58060D1D,Forester S-Turbo '97,Subaru Forester S/tb '97,SUBARU FORESTER S/tb
5C060D1D,[R]Forester S-Turbo '97,[R]Subaru Forester S/tb '97,[R]SUBARU FORESTER S/tb
58310D1D,Impreza WRX STi Ver.IV '97,Impreza WRX STi Ver.IV '97,IMPREZA WRX STi Ver.IV '97
5C310D1D,[R]Impreza WRX STi Ver.IV '97,[R]Impreza WRX STi Ver.IV '97,[R]IMPREZA WRX STi Ver.IV '97
5D310D1D,[R]Impreza WRX STi Ver.IV '97,[R]Impreza WRX STi Ver.IV '97,[R]IMPREZA WRX STi Ver.IV '97
98310D1D,Impreza WRX STi Ver.V '98,Impreza WRX STi Ver.V '98,IMPREZA WRX STi Ver.V '98
9C310D1D,[R]Impreza WRX STi Ver.V '98,[R]Impreza WRX STi Ver.V '98,[R]IMPREZA WRX STi Ver.V '98
9D310D1D,[R]Impreza WRX STi Ver.V '98,[R]Impreza WRX STi Ver.V '98,[R]IMPREZA WRX STi Ver.V '98
D8310D1D,Impreza WRX STi Ver.VI,Impreza WRX STi Ver.VI,IMPREZA WRX STi Version VI
DC310D1D,[R]Impreza WRX STi Ver.VI,[R]Impreza WRX STi Ver.VI,[R]IMPREZA WRX STi Version VI
DD310D1D,[R]Impreza WRX STi Ver.VI,[R]Impreza WRX STi Ver.VI,[R]IMPREZA WRX STi Version VI
1C370D1D,[R]Impreza Rally Car '99,[R]Impreza Rally Car '99,[R]IMPREZA '99 RALLY CAR
58380D1D,Impreza Sedan GT '97,Impreza WRX '97,IMPREZA WRX '97
5C380D1D,[R]Impreza Sedan GT '97,[R]Impreza WRX '97,[R]IMPREZA WRX '97
5D380D1D,[R]Impreza Sedan GT '97,[R]Impreza WRX '97,[R]IMPREZA WRX '97
18630D1D,Legacy Wagon GT '97,Legacy Wgn GT-B Ltd. '97,SUBARU LEGACY Wgn GTB Ltd.
1C630D1D,[R]Legacy Wagon GT '97,[R]Legacy Wgn GT-B Ltd. '97,[R]SUBARU LEGACY Wgn GTB Ltd.
58640D1D,Legacy Sedan GT '98,Subaru Legacy B4 RSK '98,SUBARU LEGACY B4 RSK
5C640D1D,[R]Legacy Sedan GT '98,[R]Subaru Legacy B4 RSK '98,[R]SUBARU LEGACY B4 RSK
58680D1D,Legacy Wagon GT '98,Legacy Wgn GT-B '98,SUBARU LEGACY WAGON GT-B
5C680D1D,[R]Legacy Wagon GT '98,[R]Legacy Wgn GT-B '98,[R]SUBARU LEGACY WAGON GT-B
D8840D1D,Impreza Sedan GT '98,Impreza WRX '98,IMPREZA WRX
DC840D1D,[R]Impreza Sedan GT '98,[R]Impreza WRX '98,[R]IMPREZA WRX
DD840D1D,[R]Impreza Sedan GT '98,[R]Impreza WRX '98,[R]IMPREZA WRX
58880D1D,Impreza Wagon GT '98,Impreza Wagon WRX '98,IMPREZA WGN WRX
5C880D1D,[R]Impreza Wagon GT '98,[R]Impreza Wagon WRX '98,[R]IMPREZA WGN WRX
5D880D1D,[R]Impreza Wagon GT '98,[R]Impreza Wagon WRX '98,[R]IMPREZA WGN WRX
D8A50D1D,Subaru Pleo RM '98,Subaru Pleo RM '98,SUBARU PLEO RM
58A70D1D,Subaru Pleo RS '98,Subaru Pleo RS '98,SUBARU PLEO RS
58C10D1D,Impreza typeR STi Ver.IV '97,Impreza typeR STi Ver.IV '97,IMPREZA typeR STi Ver.IV '97
5CC10D1D,[R]Impreza typeR STi Ver.IV '97,[R]Impreza typeR STi Ver.IV '97,[R]IMPREZA typeR STi Ver.IV '97
5DC10D1D,[R]Impreza typeR STi Ver.IV '97,[R]Impreza typeR STi Ver.IV '97,[R]IMPREZA typeR STi Ver.IV '97
98C10D1D,Impreza typeR STi Ver.V '98,Impreza typeR STi Ver.V '98,IMPREZA TypeR STi Ver.V '98
9CC10D1D,[R]Impreza typeR STi Ver.V '98,[R]Impreza typeR STi Ver.V '98,[R]IMPREZA TypeR STi Ver.V '98
9DC10D1D,[R]Impreza typeR STi Ver.V '98,[R]Impreza typeR STi Ver.V '98,[R]IMPREZA TypeR STi Ver.V '98
D8C10D1D,Impreza WRX-R STi Ver.VI,Impreza WRX-R STi Ver.VI,IMPREZA WRX TypeR STi Ver.VI
DCC10D1D,[R]Impreza WRX-R STi Ver.VI,[R]Impreza WRX-R STi Ver.VI,[R]IMPREZA WRX TypeR STi Ver.VI
DDC10D1D,[R]Impreza WRX-R STi Ver.VI,[R]Impreza WRX-R STi Ver.VI,[R]IMPREZA WRX TypeR STi Ver.VI
D8C30D1D,[R]Rex Supercharger VX,[R]Rex Supercharger VX,[R]Rex Supercharger VX
58010E1D,Subaru Vivio '97,Subaru Vivio RX-RA '97,SUBARU VIVIO RX-RA
5C010E1D,[R]Subaru Vivio '97,[R]Subaru Vivio RX-RA '97,[R]SUBARU VIVIO RX-RA
D8040E1D,Subaru Vivio RX-R '97,Subaru Vivio RX-R '97,SUBARU VIVIO RX-R
DC040E1D,[R]Subaru Vivio RX-R '97,[R]Subaru Vivio RX-R '97,[R]SUBARU VIVIO RX-R
58110E1D,Impreza Wgn STi Ver.IV '97,Impreza Wgn STi Ver.IV '97,IMPREZA STi Ver.IV WGN '97
5C110E1D,[R]Impreza Wgn STi Ver.IV '97,[R]Impreza Wgn STi Ver.IV '97,[R]IMPREZA STi Ver.IV WGN '97
5D110E1D,[R]Impreza Wgn STi Ver.IV '97,[R]Impreza Wgn STi Ver.IV '97,[R]IMPREZA STi Ver.IV WGN '97
98110E1D,Impreza Wagon STi Ver.V '98,Impreza Wagon STi Ver.V '98,IMPREZA WGN STi Ver.V '98
9C110E1D,[R]Impreza Wagon STi Ver.V '98,[R]Impreza Wagon STi Ver.V '98,[R]IMPREZA WGN STi Ver.V '98
9D110E1D,[R]Impreza Wagon STi Ver.V '98,[R]Impreza Wagon STi Ver.V '98,[R]IMPREZA WGN STi Ver.V '98
D8110E1D,Impreza Wgn STi Ver. VI,Impreza Wgn STi Ver. VI,IMPREZA WGN WRX STi Ver.VI
DC110E1D,[R]Impreza Wgn STi Ver. VI,[R]Impreza Wgn STi Ver. VI,[R]IMPREZA WGN WRX STi Ver.VI
DD110E1D,[R]Impreza Wgn STi Ver. VI,[R]Impreza Wgn STi Ver. VI,[R]IMPREZA WGN WRX STi Ver.VI
58180E1D,Impreza Wagon GT '97,Impreza Wagon WRX '97,IMPREZA WGN WRX '97
5C180E1D,[R]Impreza Wagon GT '97,[R]Impreza Wagon WRX '97,[R]IMPREZA WGN WRX '97
5D180E1D,[R]Impreza Wagon GT '97,[R]Impreza Wagon WRX '97,[R]IMPREZA WGN WRX '97
D8A24D1D,Impreza Sedan GT '96,Impreza WRX '96,IMPREZA WRX '96
DCA24D1D,[R]Impreza Sedan GT '96,[R]Impreza WRX '96,[R]IMPREZA WRX '96
18A34D1D,Impreza WRX STi Ver.III '96,Impreza WRX STi Ver.III '96,IMPREZA WRX STi Ver.III '96
1CA34D1D,[R]Impreza WRX STi Ver.III '96,[R]Impreza WRX STi Ver.III '96,[R]IMPREZA WRX STi Ver.III '96
58A34D1D,Impreza Wagon GT '96,Impreza Wagon WRX '96,IMPREZA WRX WAGON '96
5CA34D1D,[R]Impreza Wagon GT '96,[R]Impreza Wagon WRX '96,[R]IMPREZA WRX WAGON '96
98A34D1D,Impreza Wgn STi Ver.III '96,Impreza Wgn STi Ver.III '96,IMPREZA WGN STi Ver.III '96
9CA34D1D,[R]Impreza Wgn STi Ver.III '96,[R]Impreza Wgn STi Ver.III '96,[R]IMPREZA WGN STi Ver.III '96
18A74D1D,Impreza WRX typeR STi '96,Impreza WRX typeR STi '96,IMPREZA Type R WRX STi '96
1CA74D1D,[R]Impreza WRX typeR STi '96,[R]Impreza WRX typeR STi '96,[R]IMPREZA Type R WRX STi '96
58A74D1D,Impreza WRX STi Ver.II '95,Impreza WRX STi Ver.II '95,IMPREZA WRX STi Ver.II '95
5CA74D1D,[R]Impreza WRX STi Ver.II '95,[R]Impreza WRX STi Ver.II '95,[R]IMPREZA WRX STi Ver.II '95
98A74D1D,Impreza Wagon STi Ver.II '95,Impreza Wagon STi Ver.II '95,IMPREZA WGN STi Ver.II '95
9CA74D1D,[R]Impreza Wagon STi Ver.II '95,[R]Impreza Wagon STi Ver.II '95,[R]IMPREZA WGN STi Ver.II '95
58A84D1D,Impreza Wagon GT '94,Impreza Wagon WRX '94,IMPREZA WGN WRX '94
5CA84D1D,[R]Impreza Wagon GT '94,[R]Impreza Wagon WRX '94,[R]IMPREZA WGN WRX '94
9CA84D1D,[R]Impreza Rally Car,[R]Impreza Rally Car,[R]IMPREZA RALLY CAR
18A94D1D,Impreza Sedan GT '94,Impreza WRX '94,IMPREZA WRX '94
1CA94D1D,[R]Impreza Sedan GT '94,[R]Impreza WRX '94,[R]IMPREZA WRX '94
1CC34D1D,[R]Subaru Impreza Rally Car '96,[R]Subaru Impreza Rally Car '96,[R]IMPREZA RALLY CAR '96
D812591D,Legacy Wagon GT '96,Legacy TouringWgn GT-B'96,LEGACY Touring Wgn GTB '96
DC12591D,[R]Legacy Wagon GT '96,[R]Legacy TouringWgn GT-B'96,[R]LEGACY Touring Wgn GTB '96
1813591D,Legacy Sedan GT '96,Legacy Touring Sedan RS '96,LEGACY Touring Sedan RS '96
1C13591D,[R]Legacy Sedan GT '96,[R]Legacy Touring Sedan RS '96,[R]LEGACY Touring Sedan RS '96
1816591D,Legacy Sedan GT '93,Legacy Touring Sports RS '93,LEGACY Touring Sports RS '93
1C16591D,[R]Legacy Sedan GT '93,[R]Legacy Touring Sports RS '93,[R]LEGACY Touring Sports RS '93
5818591D,Legacy Wagon GT '93,Legacy Touring Wgn GT '93,LEGACY Touring Wagon GT '93
5C18591D,[R]Legacy Wagon GT '93,[R]Legacy Touring Wgn GT '93,[R]LEGACY Touring Wagon GT '93
5801761D,Subaru SVX S4 '95,Subaru SVX S4 '95,ALCYONE SVX S4
5C01761D,[R]Subaru SVX S4 '95,[R]Subaru SVX S4 '95,[R]ALCYONE SVX S4
9808761D,Subaru SVX '95,Subaru SVX Lsi '95,ALCYONE SVX Version L
9C08761D,[R]Subaru SVX '95,[R]Subaru SVX Lsi '95,[R]ALCYONE SVX Version L
98C3011E,TRD3000GT,TRD3000GT,TRD3000GT
9CC3011E,[R]TRD3000GT,[R]TRD3000GT,[R]TRD3000GT
D810041E,[R][R][R]COURSE BG,[R][R][R]COURSE BG,[R][R][R]COURSE BG
98200C1E,Toyota MR2 1600G-Ltd.'86,Toyota MR2 1600G-Ltd.'86,TOYOTA AW11 MR2 1.6G-Ltd
9C200C1E,[R]Toyota MR2 1600G-Ltd.'86,[R]Toyota MR2 1600G-Ltd.'86,[R]TOYOTA AW11 MR2 1.6G-Ltd
98330C1E,TRD2000GT,TRD2000GT,TRD2000GT
58340C1E,Toyota 2000GT '67,Toyota 2000GT GT '68,TOYOTA 2000GT '67
5C340C1E,[R]Toyota 2000GT '67,[R]Toyota 2000GT GT '68,[R]TOYOTA 2000GT '67
98340C1E,Toyota 2000GT '67,Toyota 2000GT GT '68,TOYOTA 2000GT '67
9C340C1E,[R]Toyota 2000GT '67,[R]Toyota 2000GT GT '68,[R]TOYOTA 2000GT '67
98700C1E,Toyota Starlet Turbo S '82,Toyota Starlet Turbo S '82,TOYOTA KP61 STARLET
9C700C1E,[R]Toyota Starlet Turbo S '82,[R]Toyota Starlet Turbo S '82,[R]TOYOTA KP61 STARLET
98800C1E,Toyota Starlet Turbo S '87,Toyota Starlet Turbo S '87,TOYOTA EP71 STARLET
9C800C1E,[R]Toyota Starlet Turbo S '87,[R]Toyota Starlet Turbo S '87,[R]TOYOTA EP71 STARLET
98910C1E,Toyota Celica GT-Four '88,Toyota Celica GT-Four '88,TOYOTA ST165 GT-FOUR
9C910C1E,[R]Toyota Celica GT-Four '88,[R]Toyota Celica GT-Four '88,[R]TOYOTA ST165 GT-FOUR
DC910C1E,[R]BP Apex Kraft Trueno GT,[R]BP Apex Kraft Trueno GT,[R]BP A'PEX KRAFT TRUENO GT
1C970C1E,[R]Toyota Celica Rally Car,[R]Toyota Celica Rally Car,[R]TOYOTA ST165 RALLY CAR
98A00C1E,Toyota Altezza RS200 '98,Toyota Altezza RS200 '98,TOYOTA ALTEZZA RS200
9CA00C1E,[R]Toyota Altezza RS200 '98,[R]Toyota Altezza RS200 '98,[R]TOYOTA ALTEZZA RS200
D8A00C1E,Lexus IS,Lexus IS,TOYOTA ALTEZZA AS200
DCA00C1E,[R]Lexus IS,[R]Lexus IS,[R]TOYOTA ALTEZZA AS200
9CA50C1E,[R]Toyota IS 200 LM Edition,[R]Toyota Altezza LM Edition,[R]ALTEZZA LM Edition
18A60C1E,Toyota Altezza 280T,Toyota Altezza 280T,TOYOTA ALTEZZA 280T
1CA60C1E,[R]Toyota Altezza 280T,[R]Toyota Altezza 280T,[R]TOYOTA ALTEZZA 280T
98B00C1E,Toyota Aristo 3.0V '91,Toyota Aristo 3.0V '91,TOYOTA ARISTO 3.0V '91
9CB00C1E,[R]Toyota Aristo 3.0V '91,[R]Toyota Aristo 3.0V '91,[R]TOYOTA ARISTO 3.0V '91
18B10C1E,Toyota Aristo V300 '97,Toyota Aristo V300 '97,TOYOTA ARISTO V300
1CB10C1E,[R]Toyota Aristo V300 '97,[R]Toyota Aristo V300 '97,[R]TOYOTA ARISTO V300
18D10C1E,Toyota Celica '97,Toyota Celica '97,TOYOTA CELICA SS-III '97
1CD10C1E,[R]Toyota Celica '97,[R]Toyota Celica '97,[R]TOYOTA CELICA SS-III '97
58D10C1E,Toyota Celica GT-Four '91,Toyota Celica GT-Four '91,TOYOTA ST185 GT-FOUR
5CD10C1E,[R]Toyota Celica GT-Four '91,[R]Toyota Celica GT-Four '91,[R]TOYOTA ST185 GT-FOUR
D8D20C1E,Toyota Caldina GT-T '97,Toyota Caldina GT-T '97,TOYOTA CALDINA GT-T
DCD20C1E,[R]Toyota Caldina GT-T '97,[R]Toyota Caldina GT-T '97,[R]TOYOTA CALDINA GT-T
98D30C1E,XYR Detroit Show Ver.'99,XYR Detroit Show Ver.'99,TOYOTA CELICA XYR
D8D30C1E,Toyota Celica E.S.Ver. '99,Toyota Celica E.S.Ver. '99,TOYOTA CELICA SS-II E.S.Ver.
DCD30C1E,[R]Toyota Celica E.S.Ver. '99,[R]Toyota Celica E.S.Ver. '99,[R]TOYOTA CELICA SS-II E.S.Ver.
9CD50C1E,[R]Toyota Celica Rally Car,[R]Toyota Celica Rally Car,[R]CELICA XYR RALLY CAR
D8D50C1E,Toyota Celica M.S.Ver. '99,Toyota Celica M.S.Ver. '99,TOYOTA CELICA SS-II M.S.Ver.
DCD50C1E,[R]Toyota Celica M.S.Ver. '99,[R]Toyota Celica M.S.Ver. '99,[R]TOYOTA CELICA SS-II M.S.Ver.
58D60C1E,Toyota Celica GT-R '91,Toyota Celica GT-R '91,TOYOTA ST185 CELICA GT-R
5CD60C1E,[R]Toyota Celica GT-R '91,[R]Toyota Celica GT-R '91,[R]TOYOTA ST185 CELICA GT-R
18D70C1E,Celica GT-Four RC '91,Celica GT-Four RC '91,TOYOTA ST185 GT-FOUR RC
1CD70C1E,[R]Celica GT-Four RC '91,[R]Celica GT-Four RC '91,[R]TOYOTA ST185 GT-FOUR RC
5CD80C1E,[R]Toyota Corolla Rally Car '97,[R]Toyota Corolla Rally Car '97,[R]COROLLA RALLY CAR '97
9CD80C1E,[R]Toyota Corolla Rally Car '98,[R]Toyota Corolla Rally Car '98,[R]COROLLA RALLY CAR '98
D8D80C1E,Toyota Celica SS-II '99,Toyota Celica SS-II '99,TOYOTA CELICA SS-II
DCD80C1E,[R]Toyota Celica SS-II '99,[R]Toyota Celica SS-II '99,[R]TOYOTA CELICA SS-II
98100D1E,Toyota GT-ONE Road Ver.,Toyota GT-ONE Road Ver.,GT-ONE Road Version
5C120D1E,[R]Toyota GT-ONE '98,[R]Toyota GT-ONE '98,[R]GT-ONE '98
9C120D1E,[R]Toyota GT-ONE '99,[R]Toyota GT-ONE '99,[R]GT-ONE '99
5C220D1E,[R]Toyota GT-ONE '98,[R]Toyota GT-ONE '98,[R]GT-ONE '98
9C220D1E,[R]Toyota GT-ONE '99,[R]Toyota GT-ONE '99,[R]GT-ONE '99
58370D1E,Lexus IS 200,Lexus IS 200,LEXUS IS200
5C370D1E,[R]Lexus IS 200,[R]Lexus IS 200,[R]LEXUS IS200
58640D1E,Lexus GS 400(A),Lexus GS 400,LEXUS GS400
5C640D1E,[R]Lexus GS 400(A),[R]Lexus GS 400,[R]LEXUS GS400
58670D1E,Lexus SC 400(A),Lexus SC 400,LEXUS SC400
5C670D1E,[R]Lexus SC 400(A),[R]Lexus SC 400,[R]LEXUS SC400
18680D1E,Toyota Corolla Levin '98,Toyota Corolla Levin '98,TOYOTA AE111 LEVIN BZR
1C680D1E,[R]Toyota Corolla Levin '98,[R]Toyota Corolla Levin '98,[R]TOYOTA AE111 LEVIN BZR
D8700D1E,Toyota MR2 GT-S '98,Toyota MR2 GT-S '98,TOYOTA MR-2 GT-S
DC700D1E,[R]Toyota MR2 GT-S '98,[R]Toyota MR2 GT-S '98,[R]TOYOTA MR-2 GT-S
58740D1E,Toyota MR2 G-Limited '98,Toyota MR2 G-Limited '98,TOYOTA MR-2 G-Limited
5C740D1E,[R]Toyota MR2 G-Limited '98,[R]Toyota MR2 G-Limited '98,[R]TOYOTA MR-2 G-Limited
DC750D1E,[R]Momo Corse Apex MR2 GT,[R]Momo Corse Apex MR2 GT,[R]Momo Corse A'PEX MR2 GT
58770D1E,Toyota MR2 Spider(J) '99,Toyota MR-S S Edition '99,TOYOTA MR-S ``S edition''
5C770D1E,[R]Toyota MR2 Spider(J) '99,[R]Toyota MR-S S Edition '99,[R]TOYOTA MR-S ``S edition''
98770D1E,MR-S Motor Show Ver.,MR-S Motor Show Ver.,TOYOTA MR-S Motor Show Ver.
18910D1E,Lexus SC 300(A),Lexus SC 300,TOYOTA SOARER 3.0GT
1C910D1E,[R]Lexus SC 300(A),[R]Lexus SC 300,[R]TOYOTA SOARER 3.0GT
18A70D1E,Toyota PRIUS '97,Toyota PRIUS '97,TOYOTA PRIUS
1CA70D1E,[R]Toyota PRIUS '97,[R]Toyota PRIUS '97,[R]TOYOTA PRIUS
1CC70D1E,[R]Toyota Celica Rally Car,[R]Toyota Celica Rally Car,[R]TOYOTA ST185 RALLY CAR
18D10D1E,Lexus GS 300,Lexus GS 300,TOYOTA ARISTO S300
1CD10D1E,[R]Lexus GS 300,[R]Lexus GS 300,[R]TOYOTA ARISTO S300
5CD30D1E,[R]Castrol Tom's Supra GT,[R]Castrol Tom's Supra GT,[R]Castrol TOM'S SUPRA GT
9CD30D1E,[R]Denso Sard Supra GT,[R]Denso Sard Supra GT,[R]DENSO SARD SUPRA GT
5CD60D1E,[R]Cdma One Cerumo Supra GT,[R]Cdma One Cerumo Supra GT,[R]cdmaOne Cerumo SUPRA GT
98D60D1E,Toyota MR Spider '96,Toyota MR Spider '96,TOYOTA MR SPIDER
18D70D1E,Toyota Supra SZ-R '97,Toyota Supra SZ-R '97,SUPRA SZ-R
1CD70D1E,[R]Toyota Supra SZ-R '97,[R]Toyota Supra SZ-R '97,[R]SUPRA SZ-R
58D70D1E,Toyota Supra RZ '97,Toyota Supra RZ '97,SUPRA RZ
5CD70D1E,[R]Toyota Supra RZ '97,[R]Toyota Supra RZ '97,[R]SUPRA RZ
18D80D1E,Toyota Starlet Glanza V '98,Toyota Starlet Glanza V '98,TOYOTA STARLET GLANZA V
1CD80D1E,[R]Toyota Starlet Glanza V '98,[R]Toyota Starlet Glanza V '98,[R]TOYOTA STARLET GLANZA V
98E00D1E,Tom's T111,Tom's T111,Tom's T111
D8E00D1E,Tom's T020,Tom's T020,Tom's T020
58E20D1E,Tom's Supra,Tom's Supra,Tom's SUPRA
D8E20D1E,Tom's Angel T01,Tom's Angel T01,Tom's Angel T01
18E70D1E,Toyota Sprinter Trueno '98,Toyota Sprinter Trueno '98,TOYOTA AE111 TRUENO BZR
1CE70D1E,[R]Toyota Sprinter Trueno '98,[R]Toyota Sprinter Trueno '98,[R]TOYOTA AE111 TRUENO BZR
18090E1E,Toyota Yaris '99,Toyota Vitz F '99,TOYOTA Vitz F
1C090E1E,[R]Toyota Yaris '99,[R]Toyota Vitz F '99,[R]TOYOTA Vitz F
5C170E1E,[R]Weds Sport Celica GT,[R]Weds Sport Celica GT,[R]Weds Sport CELICA GT
18210E1E,Chaser TRD Sports X30,Chaser TRD Sports X30,CHASER TRD Sports X30
1C210E1E,[R]Chaser TRD Sports X30,[R]Chaser TRD Sports X30,[R]CHASER TRD Sports X30
98280E1E,Toyota Celica'83,Toyota Celica'84,TOYOTA CELICA XX 2800GT
9C280E1E,[R]Toyota Celica'83,[R]Toyota Celica'84,[R]TOYOTA CELICA XX 2800GT
58F4341E,Celica GT-Four '95,Celica GT-Four '95,TOYOTA CELICA GT-FOUR '95
5CF4341E,[R]Celica GT-Four '95,[R]Celica GT-Four '95,[R]TOYOTA CELICA GT-FOUR '95
98F5341E,Toyota Celica '96,Toyota Celica '96,TOYOTA CELICA SS-II '95
9CF5341E,[R]Toyota Celica '96,[R]Toyota Celica '96,[R]TOYOTA CELICA SS-II '95
1CF7341E,[R]Toyota Celica Rally Car,[R]Toyota Celica Rally Car,[R]TOYOTA CELICA RALLY CAR
5827351E,Toyota Chaser Tourer S '96,Toyota Chaser Tourer S '96,TOYOTA CHASER Tourer S
5C27351E,[R]Toyota Chaser Tourer S '96,[R]Toyota Chaser Tourer S '96,[R]TOYOTA CHASER Tourer S
1828351E,Toyota Chaser Tourer V '96,Toyota Chaser Tourer V '96,TOYOTA CHASER Tourer V
1C28351E,[R]Toyota Chaser Tourer V '96,[R]Toyota Chaser Tourer V '96,[R]TOYOTA CHASER Tourer V
18283E1E,Toyota Exiv 200GT,Toyota Exiv 200GT,TOYOTA EXIV 200GT
1C283E1E,[R]Toyota Exiv 200GT,[R]Toyota Exiv 200GT,[R]TOYOTA EXIV 200GT
18F8581E,Toyota Levin BZG '96,Toyota Levin BZG '96,TOYOTA LEVIN BZG '96
1CF8581E,[R]Toyota Levin BZG '96,[R]Toyota Levin BZG '96,[R]TOYOTA LEVIN BZG '96
98005A1E,Toyota Corolla Levin '83,Toyota Corolla Levin '83,TOYOTA AE86 LEVIN '83
9C005A1E,[R]Toyota Corolla Levin '83,[R]Toyota Corolla Levin '83,[R]TOYOTA AE86 LEVIN '83
58065A1E,Toyota Corolla Levin '85,Toyota Corolla Levin '85,TOYOTA AE86 LEVIN '85
5C065A1E,[R]Toyota Corolla Levin '85,[R]Toyota Corolla Levin '85,[R]TOYOTA AE86 LEVIN '85
58375C1E,Toyota Mark II Tourer S '92,Toyota Mark II Tourer S '92,TOYOTA MARKII Tourer S '92
5C375C1E,[R]Toyota Mark II Tourer S '92,[R]Toyota Mark II Tourer S '92,[R]TOYOTA MARKII Tourer S '92
18385C1E,Toyota Mark II Tourer V '92,Toyota Mark II Tourer V '92,TOYOTA MARKII Tourer V '92
1C385C1E,[R]Toyota Mark II Tourer V '92,[R]Toyota Mark II Tourer V '92,[R]TOYOTA MARKII Tourer V '92
D8C05D1E,Toyota MR2 GT-S '96,Toyota MR2 GT-S '96,TOYOTA MR2 GT-S '96
DCC05D1E,[R]Toyota MR2 GT-S '96,[R]Toyota MR2 GT-S '96,[R]TOYOTA MR2 GT-S '96
98C55D1E,Toyota MR2 G-Limited '96,Toyota MR2 G-Limited '96,TOYOTA MR2 G-Limited '96
9CC55D1E,[R]Toyota MR2 G-Limited '96,[R]Toyota MR2 G-Limited '96,[R]TOYOTA MR2 G-Limited '96
9817751E,Toyota Supra (Turbo) '93,Toyota Supra (Turbo) '93,MA70 SUPRA GT Turbo Ltd.
9C17751E,[R]Toyota Supra (Turbo) '93,[R]Toyota Supra (Turbo) '93,[R]MA70 SUPRA GT Turbo Ltd.
D892751E,Toyota Soarer 2.5VVT-i '96,Toyota Soarer 2.5VVT-i '96,TOYOTA SOARER 2.5 VVT-i
DC92751E,[R]Toyota Soarer 2.5VVT-i '96,[R]Toyota Soarer 2.5VVT-i '96,[R]TOYOTA SOARER 2.5 VVT-i
1896751E,Toyota (Turbo) '96,Toyota (Turbo) '96,SUPRA RZ '95
1C96751E,[R]Toyota (Turbo) '96,[R]Toyota (Turbo) '96,[R]SUPRA RZ '95
5896751E,Toyota Soarer 2.5GT-T '95,Toyota Soarer 2.5GT-T '95,TOYOTA SOARER 2.5GT-T '95
5C96751E,[R]Toyota Soarer 2.5GT-T '95,[R]Toyota Soarer 2.5GT-T '95,[R]TOYOTA SOARER 2.5GT-T '95
1897751E,Toyota Supra '96,Toyota Supra '96,SUPRA SZ-R '95
1C97751E,[R]Toyota Supra '96,[R]Toyota Supra '96,[R]SUPRA SZ-R '95
9CA5751E,[R]Castrol Supra GT,[R]Castrol Supra GT,[R]Castrol SUPRA GT'96
18A6751E,Toyota Supra (Turbo) '97,Toyota Supra (Turbo) '97,SUPRA RZ '96
1CA6751E,[R]Toyota Supra (Turbo) '97,[R]Toyota Supra (Turbo) '97,[R]SUPRA RZ '96
58A6751E,Supra Twinturbo-R '91,Supra Twinturbo-R '91,JZA70 SUPRA Twin Turbo-R
5CA6751E,[R]Supra Twinturbo-R '91,[R]Supra Twinturbo-R '91,[R]JZA70 SUPRA Twin Turbo-R
18A7751E,Toyota Supra '97,Toyota Supra '97,SUPRA SZ-R '96
1CA7751E,[R]Toyota Supra '97,[R]Toyota Supra '97,[R]SUPRA SZ-R '96
98E5751E,Toyota Starlet '96,Toyota Starlet '96,TOYOTA STARLET '96
9CE5751E,[R]Toyota Starlet '96,[R]Toyota Starlet '96,[R]TOYOTA STARLET '96
98C0791E,Toyota Corolla Trueno '83,Toyota Corolla Trueno '83,TOYOTA AE86 TRUENO '83
9CC0791E,[R]Toyota Corolla Trueno '83,[R]Toyota Corolla Trueno '83,[R]TOYOTA AE86 TRUENO '83
18C6791E,Toyota Trueno BZG '96,Toyota Trueno BZG '96,TOYOTA TRUENO BZG '96
1CC6791E,[R]Toyota Trueno BZG '96,[R]Toyota Trueno BZG '96,[R]TOYOTA TRUENO BZG '96
58C6791E,Toyota Corolla Trueno '85,Toyota Corolla Trueno '85,TOYOTA AE86 TRUENO '85
5CC6791E,[R]Toyota Corolla Trueno '85,[R]Toyota Corolla Trueno '85,[R]TOYOTA AE86 TRUENO '85
5850401F,Ford GT40,Ford GT40,Ford GT40
5C50401F,[R]Ford GT40,[R]Ford GT40,[R]Ford GT40
9C55401F,[R]Ford GT40 Race Car,[R]Ford GT40 Race Car,[R]Ford GT40
58A0401F,Ford GT90,Ford GT90,Ford GT90
98D2401F,Mustang SVT Cobra '99,Mustang SVT Cobra '99,MUSTANG SVT Cobra '99
9CD2401F,[R]Mustang SVT Cobra '99,[R]Mustang SVT Cobra '99,[R]MUSTANG SVT Cobra '99
18D7401F,Mustang SVT Cobra '98,Mustang SVT Cobra '98,MUSTANG SVT Cobra '98
1CD7401F,[R]Mustang SVT Cobra '98,[R]Mustang SVT Cobra '98,[R]MUSTANG SVT Cobra '98
9872411F,Mustang GT '99,Mustang GT '99,MUSTANG GT '99
D877411F,Mustang GT '98,Mustang GT '98,MUSTANG GT '98
9CD2411F,[R]Saleen SR Widebody,[R]Saleen SR Widebody,[R]SALEEN SR Widebody
D8E2411F,Ford Taurus SHO '99,Ford Taurus SHO '99,Ford TAURUS SHO '99
DCE2411F,[R]Ford Taurus SHO '99,[R]Ford Taurus SHO '99,[R]Ford TAURUS SHO '99
5C50581F,[R]Ford GT40 Mark III Race Car,[R]Ford GT40 Mark III Race Car,[R]Ford GT40 Mark III Race Car
D8D7581F,Plymouth Cuda '70,Plymouth Cuda '70,Plymouth Cuda '70
9818591F,Plymouth GTX,Plymouth GTX,Plymouth GTX
58A7591F,Plymouth PT Spyder,Plymouth PT Spyder,Plymouth PT Spyder
18C7591F,Plymouth Muscle Car,Plymouth Muscle Car,Plymouth Muscle Car
18D3591F,Plymouth Superbird,Plymouth Superbird,Plymouth Superbird
18725C1F,Mercury Cougar XR-7 '67,Mercury Cougar XR-7 '67,Mercury Cougar '67 XR-7
58D65C1F,Mercury Cougar '99,Mercury Cougar '99,Mercury Cougar
9841741F,Shelby GT350,Shelby GT350,Shelby GT350
9C41741F,[R]Shelby GT350,[R]Shelby GT350,[R]Shelby GT350
D841741F,Shelby GT350 '66,Shelby GT350 '66,Shelby GT350 '66
DC41741F,[R]Shelby GT350 '66,[R]Shelby GT350 '66,[R]Shelby GT350 '66
5860741F,Shelby GT500KR,Shelby GT500KR,Shelby GT500KR
9860741F,Shelby GT500 '68,Shelby GT500 '68,Shelby GT500 '68
5CD3741F,[R]Shelby Cobra Coupe,[R]Shelby Cobra Coupe,[R]Shelby Cobra Coupe
58D6741F,Shelby Cobra '67,Shelby Cobra '67,Shelby Cobra '67
98D0751F,Shelby Series 1,Shelby Series 1,Shelby Series 1
D820801F,Vector M12,Vector M12,Vector M12
9C35801F,[R]Vector M12 LM Edition,[R]Vector M12 LM Edition,[R]Vector M12 LM Edition
5812821F,Wiegert Vector W8 Twin Turbo,Wiegert Vector W8 Twin Turbo,Wiegert Vector W8
1CC30120,[R]TVR Cerbera LM Edition,[R]TVR Cerbera LM Edition,[R]TVR Cerbera LM Edition
58603420,TVR Chimaera 5.0,TVR Chimaera 5.0,TVR Chimaera 5.0
98F13420,TVR Cerbera 4.5,TVR Cerbera 4.5,TVR Cerbera 4.5
9CF13420,[R]TVR Cerbera 4.5,[R]TVR Cerbera 4.5,[R]TVR Cerbera 4.5
D8203520,TVR Chimaera 4.0,TVR Chimaera 4.0,TVR Chimaera 4.0
98213520,TVR Chimaera 4.5,TVR Chimaera 4.5,TVR Chimaera 4.5
18C33520,TVR Cerbera 4.2,TVR Cerbera 4.2,TVR Cerbera 4.2
1CC33520,[R]TVR Cerbera 4.2,[R]TVR Cerbera 4.2,[R]TVR Cerbera 4.2
D8D13520,TVR Cerbera Speed 6,TVR Cerbera Speed 6,TVR Cerbera Speed 6
DCD13520,[R]TVR Cerbera Speed 6,[R]TVR Cerbera Speed 6,[R]TVR Cerbera Speed 6
98C14520,TVR Griffith 500,TVR Griffith 500,TVR Griffith 500
9CC14520,[R]TVR Griffith 500,[R]TVR Griffith 500,[R]TVR Griffith 500
18C44520,TVR Griffith Blackpool B340,TVR Griffith Blackpool B340,TVR Griffith Blackpool B340
1CC44520,[R]TVR Griffith Blackpool B340,[R]TVR Griffith Blackpool B340,[R]TVR Griffith Blackpool B340
D8207420,TVR Speed 12,TVR Speed 12,TVR Speed 12
DC207420,[R]TVR Speed 12,[R]TVR Speed 12,[R]TVR Speed 12
D8E17520,TVR Tuscan Speed 6,TVR Tuscan Speed 6,TVR Tuscan Speed 6
DCE17520,[R]TVR Tuscan Speed 6,[R]TVR Tuscan Speed 6,[R]TVR Tuscan Speed 6
58B20C22,Suzuki Alto Works RS/Z '98,Suzuki Alto Works RS/Z '98,SUZUKI ALTO WORKS RS/Z
5CB20C22,[R]Suzuki Alto Works RS/Z '98,[R]Suzuki Alto Works RS/Z '98,[R]SUZUKI ALTO WORKS RS-Z
98B50C22,Suzuki Alto Works RS/X '90,Suzuki Alto Works RS/X '90,SUZUKI ALTO WORKS RS/X '90
9CB50C22,[R]Suzuki Alto Works RS/X '90,[R]Suzuki Alto Works RS/X '90,[R]SUZUKI ALTO WORKS RS/X '90
58B70C22,Suzuki Alto Works Sports Ltd.,Suzuki Alto Works SportsLtd.,SUZUKI ALTO WORKS Sport Ltd
5CB70C22,[R]Suzuki Alto Works Sports Ltd.,[R]Suzuki Alto Works SportsLtd.,[R]SUZUKI ALTO WORKS Sport Ltd
18B90C22,Suzuki Alto Works RS/Z '97,Suzuki Alto Works RS/Z '97,SUZUKI ALTO WORKS RS/Z '97
1CB90C22,[R]Suzuki Alto Works RS/Z '97,[R]Suzuki Alto Works RS/Z '97,[R]SUZUKI ALTO WORKS RS/Z '97
98D60C22,Suzuki Cappuccino '95,Suzuki Cappuccino '95,SUZUKI CAPPUCCINO
9CD60C22,[R]Suzuki Cappuccino '95,[R]Suzuki Cappuccino '95,[R]SUZUKI CAPPUCCINO
DCD70C22,[R]Cultus Pikes Peak Version,[R]Cultus Pikes Peak Version,[R]CULTUS Pikes Peak Version
5CF70C22,[R]Escudo Pikes Peak Version,[R]Escudo Pikes Peak Version,[R]ESCUDO Pikes Peak Version
58570D22,Suzuki Kei S '98,Suzuki Kei S '98,SUZUKI Kei S
58D60D22,Suzuki Cervo Mode SR-Four,Suzuki Cervo Mode SR-Four,SUZUKI CERVO MODE '90
58120E22,Suzuki Wagon R RR '98,Suzuki Wagon R RR '98,SUZUKI WAGON R RR
5C120E22,[R]Suzuki Wagon R RR '98,[R]Suzuki Wagon R RR '98,[R]SUZUKI WAGON R RR
18140E22,Suzuki Wagon R '97,Suzuki Wagon R '97,SUZUKI WAGON R '97
1C140E22,[R]Suzuki Wagon R '97,[R]Suzuki Wagon R '97,[R]SUZUKI WAGON R '97
18170E22,Suzuki Wagon R '95,Suzuki Wagon R '95,SUZUKI WAGON R '95
1C170E22,[R]Suzuki Wagon R '95,[R]Suzuki Wagon R '95,[R]SUZUKI WAGON R '95
58170E22,Suzuki Wagon R Aero RS '97,Suzuki Wagon R Aero RS'97,SUZUKI WAGON R Aero RS '97
5C170E22,[R]Suzuki Wagon R Aero RS '97,[R]Suzuki Wagon R Aero RS'97,[R]SUZUKI WAGON R Aero RS '97